notice_id,notice
N016cb6824a,Copyright © 2016 Hospital for Special Surgery. Used with permission
N03adcf78b3,"Copyright © 2014 ADVault, Inc. Used with permission."
N05e8dc6f38,Copyright © 2009 Children's Hospital Boston. Used with permission.
N0611400d7f,© 2012 Dr. William Mansbach. Used with permission.
N0682299381,"Copyright. Karen S. Feldt, PhD, RN, GNP-BC Used with permission"
N0a3e6a9a65,Copyright 2002 © Dr. Robert Hirschfeld. Used with permission.
N0abef42e97,Copyright © 1994 Harold R. Ireton. Used with permission.
N0ba0b1a07f,"Copyright © 1994 Department of Community and Family Medicine, Duke University Medical Center, Durham, NC, USA. Used with permission."
N102758d08b,Copyright © 2002 University of New South Wales as represented by the Dementia Collaborative Research Centre – Assessment and Better Care Used with permission.
N12723449f1,©2018 American Academy of Family Physicians Used with permission.
N138a4c27d1,"Copyright © 2009 Paul H. Brookes Publishing Co., Inc. Used with permission."
N1599de2920,Copyright © Vicki King for Psychological Assessment Resources. Used with permission.
N15c838d2e1,Copyright © 2017 College of American Pathologists Used with permission
N15f432a7f5,Copyright © 1992 Harold R. Ireton. Used with permission.
N175e4450d9,"Copyright © 2005 Kevin Sherin, M.D. Used with permission"
N1aa178426c,"Copyright © 2001 McMaster University, Hamilton, Ontario, Canada. The Chronic Respiratory Questionnaire Self-Administered, Individualized Format (CRQ-SAI), Principal authors Drs. G.H. Guyatt, and Dr. H.J. Schünemann, is the copyright of McMaster University (Copyright ©2001, McMaster University). Use of the CRQ-SAI name has been provided with permission from McMaster University. For use of the CRQ-SAI Questionnaire, please contact the McMaster Industry Liaison Office at McMaster University, email: milo@mcmaster.ca for licensing details."
N1f94a17b10,Copyright © 2007 University of Keele. Used with permission.
N2169aade9a,"Copyright © 2017 NCS Pearson, Inc. Used with permission."
N24ad1cc0ce,© 2001 Dr. Phillip Wells. Used with permission.
N2831aef3a3,Copyright 2016 © Research Foundation for State University of New York Used with permission.
N2ae53317f1,©2016 Journal of the American Board of Family Medicine Used with permission
N2b74afe257,Copyright © 1990 Used with permission.
N2b81d05aed,Copyright © Dr. Navdeep Tangri Used with permission
N2ef96cac66,Copyright © 2009 InterRAI. Used with permission.
N30b380c0ff,Copyright © Tina Brosseau for Center for Diagnosis & Research on Alzheimer's disease (CEDRA). Used with permission.
N33e733fed7,RAPID3 © 2008 - All rights reserved. Used with permission.
N3477081f1a,"© 2008 Research Foundation of Mental Hygiene, Inc. Used with permission"
N37304bd6e2,"Barthel Index© MedChi, 1965. All Rights Reserved. The Maryland State Medical Society holds the copyright for the Barthel Index. Mahoney FI, Barthel D. ""Functional evaluation: the Barthel Index."" Maryland State Med Journal 1965;14:56-61. Used with permission. Permission is required to modify the Barthel Index or to use it for commercial purposes."
N3c45f2e6bf,Copyright © 2012 World Health Organization. Used with permission.
N422a041bad,"© 2006 PW Hellyer, SR Uhrig, NG Robinson. Used with permission."
N4a3c76f6a6,© 2018 Dr. Lynn Webster. Used with permission.
N4cc8c11bce,"Copyright © 2010 PROMIS Health Organization or other individuals/entities that have contributed information and materials to Assessment Center, and are being used with the permission of the copyright holders. Use of PROMIS instruments (e.g., item banks, short forms, profile measures) are subject to the PROMIS Terms and Conditions available at: http://www.assessmentcenter.net/TandC.aspx"
N4d0a1c86be,"Copyright © 1996-2005 John Spertus, MD, MPH. Used with permission."
N4d9992dba2,Copyright © 2000 Soo Borson. Used with permission.
N4fcc4f32d3,"Reproduced with permission from WHOQOL-BREF Field Trial Version, Geneva, World Health Organization (WHO), 1996, https://www.who.int/publications/i/item/WHOQOL-BREF, accessed Sep 2021. WHO does not endorse any specific companies, products or services."
N50765fc3c5,"Copyright © 2002 Center for Health Services Research, UCHSC, Denver, CO. Used with permission."
N50b0936edf,"Copyright © 2005 The Eight-item Informant Interview to Differentiate Aging and Dementia is a copyrighted instrument of Washington University, St. Louis, Missouri. All Rights Reserved. Washington University grants permission to use and reproduce the Eight-item Informant Interview to Differentiate Aging and Dementia exactly as it appears in the PDF available here without modification or editing of any kind solely for end user use in investigating dementia in clinical care or research in clinical care or research (the ""Purpose""). For the avoidance of doubt, the Purpose does not include the (i) sale, distribution or transfer of the Eight-item Informant Interview to Differentiate Aging and Dementia or copies thereof for any consideration or commercial value; (ii) the creation of any derivative works, including translations; and/or (iii) use of the Eight-item Informant Interview to Differentiate Aging and Dementia as a marketing tool for the sale of any drug."
N51b6aec0c5,"ODI © Jeremy Fairbank, 1980. All Rights Reserved."
N51e529dcf9,©2017 Medical Decision Logic Used with permission
N535de96484,Portions Copyright © 2002 American Academy of Pediatrics. Used with permission.
N578ce47c21,©2015 Fred Hutchinson Cancer Research Center. Used with permission.
N59298a57ff,"Copyright for the MNA®: © Société des Produits Nestlé SA 1994, Revision 2009. Used with permission. Trademark for the MNA®: MNA is a registered mark of Société des Produits Nestlé S.A Used with Permission"
N5a6ffcce67,© 1997 Dr. Mary-Margaret Chren. Used with permission.
N5abf618517,Copyright © Wolters Kluwer Health Used with permission.
N5c6a574862,"Copyright © 2011 International Association for the Study of Pain (IASP). Used with permission. Before translating text into a language other than found on the Pediatric Pain Sourcebook (www.painsourcebook.ca), please contact IASP to gain permission."
N5e49e91948,Copyright © 1991 Dr. Charles S. Cleeland Used with permission.
N5f24cec427,"Copyright © Adrian Angold & Elizabeth J. Costello, 1987; Developmental Epidemiology Program; Duke University. Used with permission."
N5fa70d9c9e,"Copyright © Dr. Martin Bohus, PSM ZI Mannheim/Germany. Used with permission."
N61a18a742e,"This article was published in the JOURNAL OF MANIPULATIVE AND PHYSIOLOGICAL THERAPEUTICS, vol14(7) Vernon, H. and Mior, S., The Neck Disability Index: a study of reliability and validity, pp.409 to 415, Copyright © Elsevier (1991) Used with permission"
N61c07cf688,Copyright © 2008 Marci Lobel. Used with permission.
N627fd5227e,Copyright © 2016 The Regents of the University of California and Emory University. Used with permission.
N6507f5613e,© 2019 SEEK Used with permission. Please visit www.SEEKwellbeing.org to access the SEEK model and training resources.
N66de5442b5,Copyright © Washington University Charles F. and Joanne Knight Alzheimer's Disease Research Center (Knight ADRC). Used with permission.
N66e85a045b,© 2012 AHI of Indiana. Used with permission.
N67a5dcb5af,Copyright © 2016 PeraHealth Used with permission
N6bfcd39439,© 2010 The Reach Institute. Used with permission. Permission granted from the GLAD-PC Steering Committee and the REACH Institute (www.TheReachInstitute.org)
N6d8e25a488,© 1994 American Heart Association Used with permission
N6e600686de,© 2020 Dr. William Mansbach. Used with permission
N6f9b4679b1,"Copyright © 2003 Clemson, Cumming & Heard. Used with permission."
N7322a512cf,Copyright © 2006-2016 National Institutes of Health and Northwestern University. Used with permission.
N7614a14059,"Copyright © 2004 RAND. Used with permission per LOINC Terms of Use. The Veterans RAND 12 Item Health Survey (VR-12) was developed from the Veterans RAND 36 Item Health Survey (VR-36) which was developed from the MOS RAND SF-36 Version 1.0. Details involving the VR-36 and VR-12 questionnaires, scoring algorithms for PCS and MCS summary measures, and imputation programs for missing values can be obtained on request by agreeing to the stipulations given by the RAND Corporation website (See http://www.rand.org/health/surveys_tools/mos/mos_core_36item_terms.html) in a letter to Dr. Lewis Kazis (lek@bu.edu) on institutional letter head. Users of the VR-12 or VR-36 in clinical research studies should also notify Dr. Kazis."
N7a12280496,"© 1989, Children's Hospital of Eastern Ontario. Used with permission."
N7a20c74a02,Copyright © 2008 Eugene McCloskey. Used with permission.
N7de73d7fd8,Copyright © 2016 National Pressure Ulcer Advisory Panel Used with permission. It is understood that the name of the instrument and the indication that the copyright belongs to the National Pressure Ulcer Advisory Panel remain on any copies and that you do not make any changes to the wording or scoring of this tool.
N7fef3dd8da,Copyright © 2019 Lauri Linder. Used with permission.
N7ff6c9220e,"Copyright © 1995 NCS Pearson, Inc. Reproduced with permission. All rights reserved. ""Bayley Infant Neurodevelopmental Screener"" and ""BINS"" are trademarks, in the US and/or other countries, of Pearson Education, Inc. or its affiliates(s)."
N81206e35aa,"© 2019 National POLST. The National POLST Form may only be used for non-commercial, personal purposes. Commercial or facility use requires a license from National POLST or an authorized reseller. For use options or to discuss permissions, please visit: https://polst.org/terms/."
N816ce3411d,"© 2019. This item comes from the national PRAPARE social determinants of health assessment protocol, developed and owned by the National Association of Community Health Centers (NACHC), in partnership with the Association of Asian Pacific Community Health Organization (AAPCHO), the Oregon Primary Care Association (OPCA), and the Institute for Alternative Futures (IAF). For more information, visit www.nachc.org/prapare Used with permission."
N818a6752ff,Copyright © 2009 Trustees of Dartmouth College/COOP Project. Used with permission.
N86588063e4,"Copyright © 2010 David Cella, PhD. Used with permission. All of these Neuro-QOL instruments can be used at no charge. We do ask, however, that you contact Neuro-QOL project manager, Vitali Ustsinovich, at v-ustsinovich@northwestern.edu and let him know that you intend to use Neuro-QOL."
N8786d82d66,"© 2020, Nutrition Terminology Reference Manual (eNCPT): Dietetics Language for Nutrition Care. Academy of Nutrition and Dietetics. Used with permission"
N87bf7d5ebc,EarlyCDT® is a registered trademark of Oncimmune. Used with permission.
N8a9304aa2f,© 2009 Pat Hummel Used with permission.
N8ad6c18ebc,© 2013 American Heart Association Used with permission
N8b4f0a3243,Copyright © 1988 Barbara Braden and Nancy Bergstrom. Used with permission. It is understood that the name of the instrument and the indication that the copyright belongs to Braden and Bergstrom remain on any copies and that you do not make any changes to the wording or scoring of this tool.
N8c03be5fbd,"Copyright © 2012, 2006, 2005 American Physical Therapy Association. All rights reserved. Used with permission per LOINC Terms of Use, and in addition: Any further distribution or reproduction must include the following copyright statement: ""Copyright ©2005 American Physical Therapy Association. All rights reserved."" Contact permissions@apta.org with questions or for further information."
N9253c423e6,© 2010 Dr. Erin Hager and Dr. Anna Quigg and the Children's HealthWatch research team Used with permission
N92c5d15452,"© 2019 Children's HealthWatch, Boston Medical Center Used with permission."
N96265ffc32,Copyright © 2004 The University of Nottingham. Used with permission.
N9820f4d87d,"Copyright 2020 Fisher, Celia B. & Yip, Tiffany - Fordham University Center for Ethics Education. Used with permission."
N989c49ff84,Copyright © 1991 The Regents of the University of Michigan. Used with permission.
N9b6b79c0c4,Copyright © 2020 EUROSPINE. All rights reserved.
N9bc720b762,"Copyright © the RAND Corporation. RAND's permission to reproduce the survey is not an endorsement of the products, services, or other uses in which the survey appears or is applied."
N9f93cd336c,Copyright © 2016 Matthias Augustin. Used with permission.
N9fa7625b7d,"Insignia Health, LLC®. Patient Activation Measure®; Copyright 2003-2017, University of Oregon. Used with permission"
Na1c3245260,Copyright © 2008-2021 R-Outcomes Ltd. All rights reserved.Users should notify Tim Benson by email: tim.benson@r-outcomes.com Used with permission
Na27bb9696e,"© Skipper A, Coltman A, Tomesko J, et al. Position of the Academy of Nutrition and Dietetics: Malnutrition (Undernutrition) Screening Tools for All Adults. J Acad Nutr Diet. Apr 2020;120(4):709-713. doi:10.1016/j.jand.2019.09.011 Used with Permission"
Na2a092e618,© by The Knee Society. All rights reserved. Reproduced with permission.
Na4262a3d59,"Copyright © 2006 World Health Organization. Used with permission. Publications of the World Health Organization can be obtained from WHO Press, World Health Organization, 20 Avenue Appia, 1211 Geneva 27, Switzerland (tel: +41 22 791 2476; fax: +41 22 791 4857; email: bookorders@who.int). Requests for permission to reproduce or translate WHO publications - whether for sale or for noncommercial distribution - should be addressed to WHO Press, at the above address (fax: +41 22 791 4806; email: permissions@who.int). The designations employed and the presentation of the material in this publication do not imply the expression of any opinion whatsoever on the part of the World Health Organization concerning the legal status of any country, territory, city or area or of its authorities, or concerning the delimitation of its frontiers or boundaries. Dotted lines on maps represent approximate border lines for which there may not yet be full agreement. The mention of specific companies or of certain manufacturers' products does not imply that they are endorsed or recommended by the World Health Organization in preference to others of a similar nature that are not mentioned. Errors and omissions excepted, the names of proprietary products are distinguished by initial capital letters. All reasonable precautions have been taken by WHO to verify the information contained in this publication. However, the published material is being distributed without warranty of any kind, either express or implied. The responsibility for the interpretation and use of the material lies with the reader. In no event shall the World Health Organization be liable for damages arising from its use."
Na49626c242,"ESI Copyright © 2004, ESI Triage Research Team Used with permission."
Na604a94d48,"©AORN Syntegrity, Inc. Used with permission.Commercial or facility use requires a license from AORN Syntegrity or an authorized reseller."
Na6daab2e40,Portions Copyright © 2013 CRE Care. Used with permission.
Na6e7b69769,©2019 American Academy of Sleep Medicine. Used with permission.
Na6f4044b27,Copyright © 2001 World Health Organization. Used with permission.
Na7f1295989,"© Dugan, E., M. Hall, F. Trachtenberg. Development of Abbreviated Measures to Assess Patient Trust in a Physician, a Health Insurer, and the Medical Profession, BMC Health Services Research 2005, 5:64, http://www.biomedcentral.com/1472-6963/5/64 Used with permission"
Na855702c69,Copyright © American Academy of Orthopaedic Surgeons. Used with permission.
Na8cef7d7b7,"American Spinal Injury Association: International Standards for Neurological Classification of Spinal Cord Injury, revised 2019; Richmond, VA. Used with permission."
Naa342e748d,Copyright © 2005 The Journal of Rheumatology. Used with permission.
Naf25d837fb,Copyright © 2002-2012 M3 Information. Used with permission.
Naf4631e11b,© 1992 American Heart Association Used with permission
Nb433622313,Copyright © 2006 Diane Huber and Connie Delaney. Used with permission.
Nb4b88822d2,Copyright © 2006 Razmus & Wilson. Used with permission.
Nb6dd592cb5,"Copyright © 2010 FACIT.org. Used with permission. All translations, adaptations, symptom indices, computer programs, and scoring algorithms, and any other related documents of the Functional Assessment of Chronic Illness Therapy (FACIT) Measurement System, including the Functional Assessment of Cancer Therapy (FACT), are owned and copyrighted by, and the intellectual property of, David Cella, Ph.D."
Nb7045f3586,"Copyright © 1962 Centre for Policy on Ageing (formerly NCCOP), London, UK. Reproduced with permission."
Nb7b261ecde,Copyright © 2019 The Regents of the University of Michigan Users must obtain a license to use the FLACC and rFLACC instruments. The license can be obtained from the University of Michigan Office of Technology Transfer at https://umich.flintbox.com/?embed=true#technologies/45bdf7ff-2a1c-4d5f-89e5- a0f94ce42a35
Nbd197af671,Copyright © 2006 American College of Physicians. Used with permission.
Nbfc40ed7c5,Copyright © Canadian Triage and Acuity Scale Used with permission
Nc14d82bb19,"Copyright © The Royal College of Psychiatrists The Edinburgh Postnatal Depression Scale may be photocopied by individual researchers or clinicians for their own use without seeking permission from the publishers. The scale must be copied in full and all copies must acknowledge the following source: Cox, J.L., Holden, J.M., & Sagovsky, R. (1987). Detection of postnatal depression. Development of the 10-item Edinburgh Postnatal Depression Scale. British Journal of Psychiatry, 150, 782-786. Written permission must be obtained from the Royal College of Psychiatrists for copying and distribution to others or for republication (in print, online or by any other medium)."
Nc1ceac8c35,© 2023 Children's HealthWatch Used with Permission
Nc26a9a906e,"Copyright © Pfizer Inc. All rights reserved. Developed by Drs. Robert L. Spitzer, Janet B.W. Williams, Kurt Kroenke and colleagues, with an educational grant from Pfizer Inc. No permission required to reproduce, translate, display or distribute."
Nc30295352b,Copyright © 2008 Association for the Advancement of Automotive Medicine (AAAM). Used with Permission. Use of the Abbreviated Injury Scale (AIS) requires a license. Both individual use and site licenses can be purchased from AAAM.
Nc436ff9e38,Used with the permission of the Medical Research Council
Nc51a7b2c21,"Copyright ©1986 Regents of the University of Minnesota, All rights reserved. Do not copy or reproduce without permission. LIVING WITH HEART FAILURE® is a registered trademark of the Regents of the University of Minnesota. Used with permission."
Nc7a19b4f63,"© Copyright RST Assessments, LLC. All Rights Reserved (2022)"
Nc8c330dd22,© 2008 Dr. Mark Zimmerman Used with permission
Ncaa049a432,"2014 © Nadelson, L., Jorcyk, C., Yang, D., Jarratt Smith, M., Matson, S., Cornell, K., & Husting, V. (2014). I just don't trust them: the development and validation of an assessment instrument to measure trust in science and scientists. School Science and Mathematics, 114(2), 76-86. Used with permission"
Ncac83fdaee,Copyright © Anthony Jorm. Used with permission.
Ncb23afafe0,"Copyright © 2010, 2008 CURRICULUM ASSOCIATES®, LLC. Used with permission."
Ncb6791326d,"This article was published in Journal of Affective Disorders, Vol 84(2-3), Ghaemi et al, Sensitivity and specificity of a new bipolar spectrum diagnostic scale, Appendix A, Copyright © Elsevier 2005. Used with permission."
Ncb9b261f25,"Copyright © 2012 Frances Page Glascoe, PEDStest.com. Used with permission."
Ncbee56fe19,Copyright © Saint Louis University/Department of Veterans Affairs. Used with permission.
Ncc8d684905,"Copyright © Maxwell, Hibberd, Pratt, Peek and Baird 2013 Used with permission"
Ncd4037e76a,"© 2013 HD Nursing. Used with permission. Use of the Hester Davis Scale for Fall Risk Assessment (HDS) requires a license, available through www.hdnursing.com. Used with Permission"
Ncdafb4af3e,"Portions Copyright © 2015 Therapeutic Associates, Inc. Used with permission."
Nd10b8da89f,Copyright © 2012 Ewa Roos. Used with permission.
Nd307c5b041,"Occupational stress questionnaire™ (OSQ™); Copyright by Finnish Institute of Occupational Health; Elo A-L, Leppänen A, Lindström K, Ropponen T (2012).www.ttl.fi Used with permission"
Nd9aff14f5d,Copyright © 1997 Barbara Huffines. Used with permission.
Nd9f4f630f5,"Copyright © 1995-2005 John Spertus, MD, MPH. Used with permission."
Ndbb541a751,Copyright © Stanford University. Used with permission.
Ndbc6cc0005,© 2016 Dr.Angela de Boer. Used with permission.
Ndef95788c4,"© 2021 E. Sicuri, I. Lopes, E. Tacconelli, M. Giannella. Used with permission."
Ne081bf11be,"Copyright © 2001 IMPS, LLC. Authors: Suzann K. Campbell, Gay L. Girolami, Thubi, H. A. Kolobe, Elizabeth T. Osten, Maureen C. Lenke. All rights reserved. Used with permission."
Ne1b488f5d6,"© 2011 Dr. Kelly Posner, first author of the scale. Used with permission"
Ne2cd24e024,Copyright © 2012 National Pressure Ulcer Advisory Panel (NPUAP). Used with permission.
Ne62e4d65f4,FELINE GRIMACE SCALE © 2019 UNIVERSITE DE MONTREAL. Used with permission.
Ne65a9cc0fe,"Copyright © 2001 McMaster University, Hamilton, Ontario, Canada. The Chronic Respiratory Questionnaire Self-Administered, Standardized Format (CRQ-SAS), Principal authors Drs. G.H. Guyatt, and Dr. H.J. Schünemann, is the copyright of McMaster University (Copyright ©2001, McMaster University). Use of the CRQ-SAS name has been provided with permission from McMaster University. For use of the CRQ-SAS Questionnaire, please contact the McMaster Industry Liaison Office at McMaster University, email: milo@mcmaster.ca for licensing details."
Neac4ece38c,Copyright © 1982 Center for Addiction and Mental Health. Used with permission.
Nef4b82d93a,"Copyright © 2003 Sharon K. Inouye, M.D., MPH. Adapted from: Inouye SK, vanDyck CH, Alessi CA, Balkin S, Siegal AP, Horwitz RI. Clarifying confusion: The Confusion Assessment Method. A new method for detection of delirium. Ann Intern Med. 1990; 113: 941-948. Confusion Assessment Method: Training Manual and Coding Guide. Used with permission."
Nf02be6efd0,Copyright © 1998 National Pressure Ulcer Advisory Panel Used with permission. It is understood that the name of the instrument and the indication that the copyright belongs to the National Pressure Ulcer Advisory Panel remain on any copies and that you do not make any changes to the wording or scoring of this tool.
Nf0be40711b,"© 2015 Praktikon B.V., all rights reserved. Disclosure and/or reproduction in any form, is only permitted with written permission from Praktikon B.V. Used with Permission"
Nf57880f057,Copyright © 2004 Dr. Jeffery Kline Used with permission
Nf768160c00,Copyright © 2008 Sarah Tomaszewski Farias Used with permission
Nf7b3ce68dc,Copyright © 2001 The Regents of the University of California. Used with permission.
Nf957b8d0a6,© 2006 Morris et al. Used with permission
Nfb382cca93,"© 1999 H.U. Gerbershagen, J. Korb, B. Nagel, P. Nilges. Used with permission."
Nfb3c882b92,"InterRAI holds the copyright to Version 2.0 of the RAI for long term care outside of the US. Supplemental help and contextual information for MDS items in LOINC was derived from Version 2.0 of the RAI/MDS manual, and should not be reproduced outside of the United States without permission of InterRAI. Within the US, Version 2.0 is in the public domain. As a not for profit corporation under the US Tax Code, interRAI holds the copyright to a number of assessment systems, including the Resident Assessment Instrument (RAI) for long term care facilities outside of the US (the RAI is in the public domain within the US), as well as the assessment systems for Home Care (HC), Assisted Living (AL), Palliative Care (PC), Mental Health (MH) (outside of Canada), and Acute Care (RAI-AC). The scales, algorithms, and case-mix measures based on these assessment instruments cannot be copyrighted and are thus available to everyone (although the individual items on which they are based are usually copyrighted). The major clauses of our royalty-free licenses follow: * the instrument is not to be changed substantially (excepting individual identifiers and demographics); * the license is limited to non-commercial use (i.e., the instrument will not be not incorporated into products to be sold to others); * no royalties will be charged; * the organization will make appropriate efforts to inform others of the copyright status of the instrument; * interRAI's logo and copyright notice are to appear on the form; * authors, author institutions, and translators (as appropriate) are to be acknowledged in any document where authors would regularly be indicated (e.g., publication of a training manual); * publication of any training manual is limited to the period until a commercially-published version is available; * data from use of the instrument are to be shared with interRAI, subject to existing laws on confidentiality. Commercial use usually requires royalties. In this instance, interRAI may omit the data requirement, but retains the other requirements for a logo, attribution, etc. We will be pleased in any contract negotiations to acknowledge the participation of individuals or organizations which have played a substantial role in getting the instrument to the point of implementation. For more information on licensing with interRAI, please contact the president of the Board: Brant E. Fries, Ph.D. Institute of Gerontology University of Michigan 300 North Ingalls Ann Arbor, Michigan USA 48109 Email: bfries@umich.edu"
Nff47836e15,"Portions © OPTUMInsight, Inc. Used with permission."
Nfff91e3035,Copyright © 1996 Regeneron Pharmaceuticals. Used with permission.
