term,descendant
HP:0000007,HP:0000007
HP:0000044,HP:0000044
HP:0000252,HP:0000252
HP:0000252,HP:0000253
HP:0000252,HP:0004485
HP:0000252,HP:0005484
HP:0000252,HP:0011451
HP:0000280,HP:0000280
HP:0000280,HP:0000339
HP:0000421,HP:0000421
HP:0000421,HP:0004406
HP:0000505,HP:0000505
HP:0000505,HP:0000529
HP:0000505,HP:0000572
HP:0000505,HP:0000575
HP:0000505,HP:0000576
HP:0000505,HP:0000603
HP:0000505,HP:0000618
HP:0000505,HP:0000646
HP:0000505,HP:0001117
HP:0000505,HP:0001123
HP:0000505,HP:0001129
HP:0000505,HP:0001133
HP:0000505,HP:0001141
HP:0000505,HP:0007663
HP:0000505,HP:0007761
HP:0000505,HP:0007854
HP:0000505,HP:0007875
HP:0000505,HP:0007924
HP:0000505,HP:0007987
HP:0000505,HP:0007994
HP:0000505,HP:0010822
HP:0000505,HP:0012377
HP:0000505,HP:0030515
HP:0000505,HP:0030516
HP:0000505,HP:0030517
HP:0000505,HP:0030518
HP:0000505,HP:0030519
HP:0000505,HP:0030520
HP:0000505,HP:0030521
HP:0000505,HP:0030522
HP:0000505,HP:0030525
HP:0000505,HP:0030526
HP:0000505,HP:0030527
HP:0000505,HP:0030528
HP:0000505,HP:0030529
HP:0000505,HP:0030530
HP:0000505,HP:0030531
HP:0000505,HP:0030532
HP:0000505,HP:0030533
HP:0000505,HP:0030534
HP:0000505,HP:0030535
HP:0000505,HP:0030536
HP:0000505,HP:0030537
HP:0000505,HP:0030538
HP:0000505,HP:0030539
HP:0000505,HP:0030540
HP:0000505,HP:0030541
HP:0000505,HP:0030542
HP:0000505,HP:0030543
HP:0000505,HP:0030544
HP:0000505,HP:0030545
HP:0000505,HP:0030546
HP:0000505,HP:0030547
HP:0000505,HP:0030548
HP:0000505,HP:0030549
HP:0000505,HP:0030550
HP:0000505,HP:0030551
HP:0000505,HP:0030552
HP:0000505,HP:0030553
HP:0000505,HP:0030554
HP:0000505,HP:0030555
HP:0000505,HP:0030556
HP:0000505,HP:0030557
HP:0000505,HP:0030558
HP:0000505,HP:0030559
HP:0000505,HP:0030560
HP:0000505,HP:0030561
HP:0000505,HP:0030562
HP:0000505,HP:0030563
HP:0000505,HP:0030564
HP:0000505,HP:0030565
HP:0000505,HP:0030566
HP:0000505,HP:0030567
HP:0000505,HP:0030568
HP:0000505,HP:0030569
HP:0000505,HP:0030570
HP:0000505,HP:0030571
HP:0000505,HP:0030572
HP:0000505,HP:0030573
HP:0000505,HP:0030574
HP:0000505,HP:0030575
HP:0000505,HP:0030576
HP:0000505,HP:0030577
HP:0000505,HP:0030578
HP:0000505,HP:0030579
HP:0000505,HP:0030580
HP:0000505,HP:0030581
HP:0000505,HP:0030582
HP:0000505,HP:0030583
HP:0000505,HP:0030588
HP:0000505,HP:0030589
HP:0000505,HP:0030590
HP:0000505,HP:0030591
HP:0000505,HP:0030592
HP:0000505,HP:0030593
HP:0000505,HP:0030594
HP:0000505,HP:0030595
HP:0000505,HP:0030596
HP:0000505,HP:0030597
HP:0000505,HP:0030598
HP:0000505,HP:0030599
HP:0000505,HP:0030644
HP:0000505,HP:0032037
HP:0000505,HP:0032122
HP:0000505,HP:0032123
HP:0000505,HP:0032284
HP:0000505,HP:0032285
HP:0000505,HP:0032286
HP:0000505,HP:0032287
HP:0000505,HP:0100704
HP:0000505,HP:0200068
HP:0000505,HP:6001267
HP:0000511,HP:0000511
HP:0000511,HP:0025330
HP:0000511,HP:0025331
HP:0000546,HP:0000546
HP:0000546,HP:0000608
HP:0000546,HP:0001105
HP:0000546,HP:0007401
HP:0000546,HP:0007667
HP:0000546,HP:0007722
HP:0000546,HP:0007769
HP:0000546,HP:0007791
HP:0000546,HP:0007937
HP:0000546,HP:0007992
HP:0000546,HP:0008028
HP:0000546,HP:0011533
HP:0000546,HP:0025094
HP:0000546,HP:0025146
HP:0000546,HP:0031609
HP:0000546,HP:0200056
HP:0000546,HP:0200070
HP:0000546,HP:6001301
HP:0000668,HP:0000668
HP:0000677,HP:0000677
HP:0000677,HP:0012225
HP:0000698,HP:0000698
HP:0000698,HP:0006339
HP:0000698,HP:0006342
HP:0000698,HP:0011065
HP:0000698,HP:0011082
HP:0000698,HP:0011083
HP:0000698,HP:0200141
HP:0000726,HP:0000726
HP:0000726,HP:0000727
HP:0000726,HP:0002145
HP:0000726,HP:0002439
HP:0000726,HP:0007123
HP:0000726,HP:0030219
HP:0000819,HP:0000819
HP:0000819,HP:0000831
HP:0000819,HP:0000857
HP:0000819,HP:0000877
HP:0000819,HP:0001953
HP:0000819,HP:0004904
HP:0000819,HP:0005978
HP:0000819,HP:0008205
HP:0000819,HP:0008255
HP:0000819,HP:0100651
HP:0000939,HP:0000939
HP:0000939,HP:0005625
HP:0000939,HP:0005653
HP:0000939,HP:0005897
HP:0000939,HP:0040160
HP:0000939,HP:0040161
HP:0000943,HP:0000943
HP:0000963,HP:0000963
HP:0000966,HP:0000966
HP:0000966,HP:0007480
HP:0000966,HP:0034012
HP:0000974,HP:0000974
HP:0000974,HP:0007425
HP:0000974,HP:0007458
HP:0000974,HP:0011930
HP:0000978,HP:0000978
HP:0000992,HP:0000992
HP:0000992,HP:0007396
HP:0000992,HP:0007537
HP:0000992,HP:0032379
HP:0000992,HP:0032381
HP:0000992,HP:0410137
HP:0001075,HP:0001073
HP:0001075,HP:0001075
HP:0001075,HP:0031158
HP:0001249,HP:0001249
HP:0001249,HP:0001256
HP:0001249,HP:0002187
HP:0001249,HP:0002342
HP:0001249,HP:0006889
HP:0001249,HP:0010864
HP:0001250,HP:0001250
HP:0001250,HP:0001327
HP:0001250,HP:0002069
HP:0001250,HP:0002121
HP:0001250,HP:0002123
HP:0001250,HP:0002133
HP:0001250,HP:0002173
HP:0001250,HP:0002197
HP:0001250,HP:0002199
HP:0001250,HP:0002266
HP:0001250,HP:0002349
HP:0001250,HP:0002373
HP:0001250,HP:0002384
HP:0001250,HP:0006813
HP:0001250,HP:0007193
HP:0001250,HP:0007207
HP:0001250,HP:0007270
HP:0001250,HP:0007332
HP:0001250,HP:0007334
HP:0001250,HP:0007359
HP:0001250,HP:0010818
HP:0001250,HP:0010819
HP:0001250,HP:0010820
HP:0001250,HP:0010821
HP:0001250,HP:0011097
HP:0001250,HP:0011145
HP:0001250,HP:0011146
HP:0001250,HP:0011147
HP:0001250,HP:0011149
HP:0001250,HP:0011150
HP:0001250,HP:0011151
HP:0001250,HP:0011152
HP:0001250,HP:0011153
HP:0001250,HP:0011154
HP:0001250,HP:0011157
HP:0001250,HP:0011158
HP:0001250,HP:0011159
HP:0001250,HP:0011160
HP:0001250,HP:0011161
HP:0001250,HP:0011163
HP:0001250,HP:0011165
HP:0001250,HP:0011166
HP:0001250,HP:0011167
HP:0001250,HP:0011168
HP:0001250,HP:0011169
HP:0001250,HP:0011170
HP:0001250,HP:0011171
HP:0001250,HP:0011172
HP:0001250,HP:0011173
HP:0001250,HP:0011174
HP:0001250,HP:0011175
HP:0001250,HP:0012002
HP:0001250,HP:0012003
HP:0001250,HP:0012004
HP:0001250,HP:0012005
HP:0001250,HP:0012006
HP:0001250,HP:0012007
HP:0001250,HP:0012008
HP:0001250,HP:0012469
HP:0001250,HP:0012847
HP:0001250,HP:0020207
HP:0001250,HP:0020208
HP:0001250,HP:0020209
HP:0001250,HP:0020210
HP:0001250,HP:0020211
HP:0001250,HP:0020212
HP:0001250,HP:0020213
HP:0001250,HP:0020214
HP:0001250,HP:0020215
HP:0001250,HP:0020216
HP:0001250,HP:0020217
HP:0001250,HP:0020218
HP:0001250,HP:0020219
HP:0001250,HP:0020220
HP:0001250,HP:0020221
HP:0001250,HP:0025190
HP:0001250,HP:0025613
HP:0001250,HP:0031165
HP:0001250,HP:0031475
HP:0001250,HP:0031951
HP:0001250,HP:0032656
HP:0001250,HP:0032658
HP:0001250,HP:0032659
HP:0001250,HP:0032660
HP:0001250,HP:0032661
HP:0001250,HP:0032662
HP:0001250,HP:0032663
HP:0001250,HP:0032664
HP:0001250,HP:0032665
HP:0001250,HP:0032666
HP:0001250,HP:0032667
HP:0001250,HP:0032668
HP:0001250,HP:0032669
HP:0001250,HP:0032670
HP:0001250,HP:0032671
HP:0001250,HP:0032672
HP:0001250,HP:0032673
HP:0001250,HP:0032677
HP:0001250,HP:0032678
HP:0001250,HP:0032679
HP:0001250,HP:0032680
HP:0001250,HP:0032681
HP:0001250,HP:0032682
HP:0001250,HP:0032684
HP:0001250,HP:0032685
HP:0001250,HP:0032686
HP:0001250,HP:0032687
HP:0001250,HP:0032688
HP:0001250,HP:0032689
HP:0001250,HP:0032690
HP:0001250,HP:0032691
HP:0001250,HP:0032692
HP:0001250,HP:0032693
HP:0001250,HP:0032694
HP:0001250,HP:0032696
HP:0001250,HP:0032698
HP:0001250,HP:0032699
HP:0001250,HP:0032700
HP:0001250,HP:0032701
HP:0001250,HP:0032702
HP:0001250,HP:0032704
HP:0001250,HP:0032705
HP:0001250,HP:0032706
HP:0001250,HP:0032707
HP:0001250,HP:0032708
HP:0001250,HP:0032709
HP:0001250,HP:0032710
HP:0001250,HP:0032711
HP:0001250,HP:0032712
HP:0001250,HP:0032713
HP:0001250,HP:0032714
HP:0001250,HP:0032715
HP:0001250,HP:0032716
HP:0001250,HP:0032717
HP:0001250,HP:0032718
HP:0001250,HP:0032719
HP:0001250,HP:0032720
HP:0001250,HP:0032721
HP:0001250,HP:0032722
HP:0001250,HP:0032723
HP:0001250,HP:0032724
HP:0001250,HP:0032725
HP:0001250,HP:0032726
HP:0001250,HP:0032727
HP:0001250,HP:0032728
HP:0001250,HP:0032729
HP:0001250,HP:0032730
HP:0001250,HP:0032731
HP:0001250,HP:0032732
HP:0001250,HP:0032733
HP:0001250,HP:0032734
HP:0001250,HP:0032735
HP:0001250,HP:0032736
HP:0001250,HP:0032737
HP:0001250,HP:0032738
HP:0001250,HP:0032739
HP:0001250,HP:0032740
HP:0001250,HP:0032741
HP:0001250,HP:0032742
HP:0001250,HP:0032743
HP:0001250,HP:0032744
HP:0001250,HP:0032745
HP:0001250,HP:0032746
HP:0001250,HP:0032747
HP:0001250,HP:0032748
HP:0001250,HP:0032749
HP:0001250,HP:0032750
HP:0001250,HP:0032751
HP:0001250,HP:0032752
HP:0001250,HP:0032753
HP:0001250,HP:0032754
HP:0001250,HP:0032755
HP:0001250,HP:0032756
HP:0001250,HP:0032757
HP:0001250,HP:0032758
HP:0001250,HP:0032759
HP:0001250,HP:0032760
HP:0001250,HP:0032761
HP:0001250,HP:0032762
HP:0001250,HP:0032763
HP:0001250,HP:0032764
HP:0001250,HP:0032765
HP:0001250,HP:0032766
HP:0001250,HP:0032767
HP:0001250,HP:0032768
HP:0001250,HP:0032769
HP:0001250,HP:0032770
HP:0001250,HP:0032771
HP:0001250,HP:0032772
HP:0001250,HP:0032773
HP:0001250,HP:0032774
HP:0001250,HP:0032775
HP:0001250,HP:0032776
HP:0001250,HP:0032777
HP:0001250,HP:0032778
HP:0001250,HP:0032779
HP:0001250,HP:0032780
HP:0001250,HP:0032781
HP:0001250,HP:0032782
HP:0001250,HP:0032783
HP:0001250,HP:0032784
HP:0001250,HP:0032785
HP:0001250,HP:0032786
HP:0001250,HP:0032787
HP:0001250,HP:0032788
HP:0001250,HP:0032789
HP:0001250,HP:0032790
HP:0001250,HP:0032791
HP:0001250,HP:0032792
HP:0001250,HP:0032793
HP:0001250,HP:0032794
HP:0001250,HP:0032795
HP:0001250,HP:0032796
HP:0001250,HP:0032797
HP:0001250,HP:0032798
HP:0001250,HP:0032799
HP:0001250,HP:0032800
HP:0001250,HP:0032801
HP:0001250,HP:0032802
HP:0001250,HP:0032803
HP:0001250,HP:0032804
HP:0001250,HP:0032805
HP:0001250,HP:0032806
HP:0001250,HP:0032807
HP:0001250,HP:0032808
HP:0001250,HP:0032809
HP:0001250,HP:0032810
HP:0001250,HP:0032811
HP:0001250,HP:0032812
HP:0001250,HP:0032813
HP:0001250,HP:0032814
HP:0001250,HP:0032815
HP:0001250,HP:0032816
HP:0001250,HP:0032817
HP:0001250,HP:0032818
HP:0001250,HP:0032819
HP:0001250,HP:0032820
HP:0001250,HP:0032821
HP:0001250,HP:0032822
HP:0001250,HP:0032823
HP:0001250,HP:0032824
HP:0001250,HP:0032825
HP:0001250,HP:0032826
HP:0001250,HP:0032827
HP:0001250,HP:0032828
HP:0001250,HP:0032829
HP:0001250,HP:0032830
HP:0001250,HP:0032831
HP:0001250,HP:0032832
HP:0001250,HP:0032833
HP:0001250,HP:0032834
HP:0001250,HP:0032835
HP:0001250,HP:0032836
HP:0001250,HP:0032837
HP:0001250,HP:0032838
HP:0001250,HP:0032839
HP:0001250,HP:0032840
HP:0001250,HP:0032841
HP:0001250,HP:0032842
HP:0001250,HP:0032843
HP:0001250,HP:0032844
HP:0001250,HP:0032845
HP:0001250,HP:0032846
HP:0001250,HP:0032847
HP:0001250,HP:0032848
HP:0001250,HP:0032849
HP:0001250,HP:0032850
HP:0001250,HP:0032851
HP:0001250,HP:0032852
HP:0001250,HP:0032853
HP:0001250,HP:0032854
HP:0001250,HP:0032855
HP:0001250,HP:0032856
HP:0001250,HP:0032857
HP:0001250,HP:0032858
HP:0001250,HP:0032859
HP:0001250,HP:0032860
HP:0001250,HP:0032861
HP:0001250,HP:0032862
HP:0001250,HP:0032863
HP:0001250,HP:0032864
HP:0001250,HP:0032865
HP:0001250,HP:0032866
HP:0001250,HP:0032867
HP:0001250,HP:0032868
HP:0001250,HP:0032869
HP:0001250,HP:0032870
HP:0001250,HP:0032871
HP:0001250,HP:0032872
HP:0001250,HP:0032873
HP:0001250,HP:0032874
HP:0001250,HP:0032876
HP:0001250,HP:0032877
HP:0001250,HP:0032878
HP:0001250,HP:0032879
HP:0001250,HP:0032880
HP:0001250,HP:0032882
HP:0001250,HP:0032883
HP:0001250,HP:0032884
HP:0001250,HP:0032885
HP:0001250,HP:0032886
HP:0001250,HP:0032887
HP:0001250,HP:0032888
HP:0001250,HP:0032889
HP:0001250,HP:0032890
HP:0001250,HP:0032891
HP:0001250,HP:0032892
HP:0001250,HP:0032893
HP:0001250,HP:0032894
HP:0001250,HP:0032895
HP:0001250,HP:0032896
HP:0001250,HP:0032897
HP:0001250,HP:0032898
HP:0001250,HP:0032899
HP:0001250,HP:0032900
HP:0001250,HP:0032901
HP:0001250,HP:0032902
HP:0001250,HP:0032903
HP:0001250,HP:0032904
HP:0001250,HP:0032905
HP:0001250,HP:0032906
HP:0001250,HP:0032907
HP:0001250,HP:0032908
HP:0001250,HP:0032909
HP:0001250,HP:0032910
HP:0001250,HP:0032911
HP:0001250,HP:0032912
HP:0001250,HP:0032913
HP:0001250,HP:0032914
HP:0001250,HP:0032915
HP:0001250,HP:0032916
HP:0001250,HP:0032917
HP:0001250,HP:0032918
HP:0001250,HP:0032919
HP:0001250,HP:0032920
HP:0001250,HP:0032921
HP:0001250,HP:0032922
HP:0001250,HP:0032923
HP:0001250,HP:0032924
HP:0001250,HP:0032925
HP:0001250,HP:0032926
HP:0001250,HP:0032927
HP:0001250,HP:0033259
HP:0001250,HP:0033346
HP:0001250,HP:0033347
HP:0001250,HP:0033348
HP:0001250,HP:0033722
HP:0001251,HP:0001251
HP:0001251,HP:0001310
HP:0001251,HP:0002066
HP:0001251,HP:0002070
HP:0001251,HP:0002073
HP:0001251,HP:0002075
HP:0001251,HP:0002078
HP:0001251,HP:0002131
HP:0001251,HP:0002406
HP:0001251,HP:0002470
HP:0001251,HP:0002497
HP:0001251,HP:0007221
HP:0001251,HP:0007240
HP:0001251,HP:0009878
HP:0001251,HP:0010867
HP:0001251,HP:0010868
HP:0001251,HP:0010869
HP:0001251,HP:0012651
HP:0001251,HP:0020035
HP:0001251,HP:0020036
HP:0001251,HP:0031868
HP:0001263,HP:0001263
HP:0001263,HP:0011342
HP:0001263,HP:0011343
HP:0001263,HP:0011344
HP:0001263,HP:0012736
HP:0001265,HP:0001265
HP:0001265,HP:0002600
HP:0001265,HP:0009072
HP:0001265,HP:0011808
HP:0001265,HP:0012391
HP:0001265,HP:0012392
HP:0001265,HP:0033200
HP:0001265,HP:0033201
HP:0001265,HP:0033202
HP:0001268,HP:0000726
HP:0001268,HP:0000727
HP:0001268,HP:0001268
HP:0001268,HP:0002145
HP:0001268,HP:0002333
HP:0001268,HP:0002344
HP:0001268,HP:0002361
HP:0001268,HP:0002439
HP:0001268,HP:0007064
HP:0001268,HP:0007086
HP:0001268,HP:0007123
HP:0001268,HP:0007272
HP:0001268,HP:0007307
HP:0001268,HP:0030219
HP:0001283,HP:0001283
HP:0001284,HP:0001284
HP:0001284,HP:0002522
HP:0001284,HP:0003438
HP:0001284,HP:0006844
HP:0001284,HP:0012046
HP:0001284,HP:0031004
HP:0001284,HP:0033228
HP:0001284,HP:0033229
HP:0001284,HP:0033230
HP:0001284,HP:0200101
HP:0001302,HP:0001302
HP:0001302,HP:0020187
HP:0001302,HP:0020188
HP:0001302,HP:0020189
HP:0001302,HP:0020190
HP:0001302,HP:0020191
HP:0001302,HP:0020192
HP:0001317,HP:0001272
HP:0001317,HP:0001305
HP:0001317,HP:0001317
HP:0001317,HP:0001320
HP:0001317,HP:0001321
HP:0001317,HP:0002195
HP:0001317,HP:0002308
HP:0001317,HP:0002334
HP:0001317,HP:0002335
HP:0001317,HP:0002350
HP:0001317,HP:0002404
HP:0001317,HP:0002461
HP:0001317,HP:0002542
HP:0001317,HP:0002951
HP:0001317,HP:0006817
HP:0001317,HP:0006855
HP:0001317,HP:0006879
HP:0001317,HP:0006880
HP:0001317,HP:0006899
HP:0001317,HP:0006951
HP:0001317,HP:0006955
HP:0001317,HP:0007001
HP:0001317,HP:0007033
HP:0001317,HP:0007047
HP:0001317,HP:0007063
HP:0001317,HP:0007065
HP:0001317,HP:0007068
HP:0001317,HP:0007099
HP:0001317,HP:0007263
HP:0001317,HP:0007352
HP:0001317,HP:0007360
HP:0001317,HP:0008278
HP:0001317,HP:0011931
HP:0001317,HP:0011932
HP:0001317,HP:0011933
HP:0001317,HP:0012080
HP:0001317,HP:0012081
HP:0001317,HP:0012082
HP:0001317,HP:0012460
HP:0001317,HP:0012642
HP:0001317,HP:0012698
HP:0001317,HP:0020185
HP:0001317,HP:0025660
HP:0001317,HP:0025661
HP:0001317,HP:0030285
HP:0001317,HP:0030286
HP:0001317,HP:0030915
HP:0001317,HP:0031422
HP:0001317,HP:0031423
HP:0001317,HP:0031913
HP:0001317,HP:0033744
HP:0001317,HP:0033745
HP:0001317,HP:0034355
HP:0001317,HP:0100275
HP:0001317,HP:0100307
HP:0001317,HP:0100321
HP:0001317,HP:0500009
HP:0001317,HP:6000416
HP:0001324,HP:0000467
HP:0001324,HP:0001283
HP:0001324,HP:0001324
HP:0001324,HP:0001349
HP:0001324,HP:0002203
HP:0001324,HP:0002421
HP:0001324,HP:0002460
HP:0001324,HP:0002601
HP:0001324,HP:0002747
HP:0001324,HP:0003323
HP:0001324,HP:0003324
HP:0001324,HP:0003325
HP:0001324,HP:0003327
HP:0001324,HP:0003391
HP:0001324,HP:0003392
HP:0001324,HP:0003473
HP:0001324,HP:0003484
HP:0001324,HP:0003547
HP:0001324,HP:0003690
HP:0001324,HP:0003694
HP:0001324,HP:0003701
HP:0001324,HP:0003704
HP:0001324,HP:0003722
HP:0001324,HP:0003731
HP:0001324,HP:0003749
HP:0001324,HP:0003752
HP:0001324,HP:0003810
HP:0001324,HP:0004347
HP:0001324,HP:0004661
HP:0001324,HP:0004878
HP:0001324,HP:0004889
HP:0001324,HP:0006597
HP:0001324,HP:0007188
HP:0001324,HP:0007340
HP:0001324,HP:0008959
HP:0001324,HP:0008963
HP:0001324,HP:0008994
HP:0001324,HP:0008997
HP:0001324,HP:0009023
HP:0001324,HP:0009027
HP:0001324,HP:0009053
HP:0001324,HP:0009063
HP:0001324,HP:0009073
HP:0001324,HP:0009113
HP:0001324,HP:0010547
HP:0001324,HP:0010628
HP:0001324,HP:0011727
HP:0001324,HP:0012496
HP:0001324,HP:0012497
HP:0001324,HP:0012507
HP:0001324,HP:0012515
HP:0001324,HP:0012799
HP:0001324,HP:0030192
HP:0001324,HP:0030193
HP:0001324,HP:0030194
HP:0001324,HP:0030195
HP:0001324,HP:0030196
HP:0001324,HP:0030197
HP:0001324,HP:0030198
HP:0001324,HP:0030199
HP:0001324,HP:0030200
HP:0001324,HP:0030664
HP:0001324,HP:0031108
HP:0001324,HP:0031189
HP:0001324,HP:0031372
HP:0001324,HP:0031374
HP:0001324,HP:0033416
HP:0001324,HP:0430025
HP:0001324,HP:6001373
HP:0001324,HP:6001374
HP:0001324,HP:6001375
HP:0001336,HP:0001336
HP:0001336,HP:0003739
HP:0001336,HP:0007000
HP:0001336,HP:0010530
HP:0001336,HP:0010531
HP:0001336,HP:0010828
HP:0001336,HP:0012323
HP:0001336,HP:0012462
HP:0001336,HP:0025097
HP:0001336,HP:0025357
HP:0001336,HP:0031986
HP:0001336,HP:0033054
HP:0001336,HP:0034360
HP:0001336,HP:0040148
HP:0001336,HP:0045084
HP:0001339,HP:0001302
HP:0001339,HP:0001339
HP:0001339,HP:0006818
HP:0001339,HP:0007187
HP:0001339,HP:0007260
HP:0001339,HP:0020187
HP:0001339,HP:0020188
HP:0001339,HP:0020189
HP:0001339,HP:0020190
HP:0001339,HP:0020191
HP:0001339,HP:0020192
HP:0001339,HP:0031882
HP:0001339,HP:0032409
HP:0001339,HP:0032411
HP:0001339,HP:0032412
HP:0001339,HP:0032413
HP:0001339,HP:0032456
HP:0001339,HP:0032457
HP:0001339,HP:0032475
HP:0001339,HP:0045028
HP:0001360,HP:0001360
HP:0001360,HP:0002507
HP:0001360,HP:0006870
HP:0001360,HP:0006988
HP:0001360,HP:0025670
HP:0001360,HP:0030779
HP:0001367,HP:0000934
HP:0001367,HP:0001040
HP:0001367,HP:0001059
HP:0001367,HP:0001060
HP:0001367,HP:0001191
HP:0001367,HP:0001204
HP:0001367,HP:0001215
HP:0001367,HP:0001216
HP:0001367,HP:0001220
HP:0001367,HP:0001225
HP:0001367,HP:0001239
HP:0001367,HP:0001241
HP:0001367,HP:0001367
HP:0001367,HP:0001369
HP:0001367,HP:0001370
HP:0001367,HP:0001373
HP:0001367,HP:0001374
HP:0001367,HP:0001377
HP:0001367,HP:0001384
HP:0001367,HP:0001386
HP:0001367,HP:0001440
HP:0001367,HP:0001495
HP:0001367,HP:0001498
HP:0001367,HP:0001785
HP:0001367,HP:0001854
HP:0001367,HP:0001859
HP:0001367,HP:0001997
HP:0001367,HP:0002758
HP:0001367,HP:0002815
HP:0001367,HP:0002816
HP:0001367,HP:0002821
HP:0001367,HP:0002827
HP:0001367,HP:0002857
HP:0001367,HP:0002948
HP:0001367,HP:0002949
HP:0001367,HP:0002967
HP:0001367,HP:0002970
HP:0001367,HP:0002974
HP:0001367,HP:0002987
HP:0001367,HP:0002996
HP:0001367,HP:0002999
HP:0001367,HP:0003019
HP:0001367,HP:0003020
HP:0001367,HP:0003028
HP:0001367,HP:0003029
HP:0001367,HP:0003037
HP:0001367,HP:0003040
HP:0001367,HP:0003041
HP:0001367,HP:0003042
HP:0001367,HP:0003045
HP:0001367,HP:0003048
HP:0001367,HP:0003049
HP:0001367,HP:0003065
HP:0001367,HP:0003066
HP:0001367,HP:0003067
HP:0001367,HP:0003070
HP:0001367,HP:0003083
HP:0001367,HP:0003088
HP:0001367,HP:0003095
HP:0001367,HP:0003102
HP:0001367,HP:0003170
HP:0001367,HP:0003179
HP:0001367,HP:0003180
HP:0001367,HP:0003182
HP:0001367,HP:0003273
HP:0001367,HP:0003274
HP:0001367,HP:0003305
HP:0001367,HP:0003308
HP:0001367,HP:0003320
HP:0001367,HP:0003834
HP:0001367,HP:0003835
HP:0001367,HP:0003938
HP:0001367,HP:0003939
HP:0001367,HP:0003940
HP:0001367,HP:0003941
HP:0001367,HP:0003942
HP:0001367,HP:0003943
HP:0001367,HP:0003944
HP:0001367,HP:0003945
HP:0001367,HP:0003946
HP:0001367,HP:0003947
HP:0001367,HP:0003948
HP:0001367,HP:0003949
HP:0001367,HP:0003950
HP:0001367,HP:0003951
HP:0001367,HP:0003952
HP:0001367,HP:0003973
HP:0001367,HP:0003994
HP:0001367,HP:0004048
HP:0001367,HP:0004049
HP:0001367,HP:0004197
HP:0001367,HP:0004218
HP:0001367,HP:0004230
HP:0001367,HP:0004231
HP:0001367,HP:0004232
HP:0001367,HP:0004233
HP:0001367,HP:0004234
HP:0001367,HP:0004235
HP:0001367,HP:0004236
HP:0001367,HP:0004237
HP:0001367,HP:0004238
HP:0001367,HP:0004239
HP:0001367,HP:0004240
HP:0001367,HP:0004241
HP:0001367,HP:0004242
HP:0001367,HP:0004243
HP:0001367,HP:0004244
HP:0001367,HP:0004245
HP:0001367,HP:0004246
HP:0001367,HP:0004247
HP:0001367,HP:0004248
HP:0001367,HP:0004249
HP:0001367,HP:0004250
HP:0001367,HP:0004251
HP:0001367,HP:0004252
HP:0001367,HP:0004253
HP:0001367,HP:0004254
HP:0001367,HP:0004255
HP:0001367,HP:0004256
HP:0001367,HP:0004257
HP:0001367,HP:0004258
HP:0001367,HP:0004259
HP:0001367,HP:0004260
HP:0001367,HP:0004261
HP:0001367,HP:0004262
HP:0001367,HP:0004263
HP:0001367,HP:0004264
HP:0001367,HP:0004268
HP:0001367,HP:0004269
HP:0001367,HP:0004278
HP:0001367,HP:0004293
HP:0001367,HP:0004294
HP:0001367,HP:0004557
HP:0001367,HP:0004575
HP:0001367,HP:0004602
HP:0001367,HP:0004635
HP:0001367,HP:0004684
HP:0001367,HP:0004976
HP:0001367,HP:0005001
HP:0001367,HP:0005008
HP:0001367,HP:0005017
HP:0001367,HP:0005021
HP:0001367,HP:0005037
HP:0001367,HP:0005048
HP:0001367,HP:0005050
HP:0001367,HP:0005059
HP:0001367,HP:0005060
HP:0001367,HP:0005070
HP:0001367,HP:0005084
HP:0001367,HP:0005085
HP:0001367,HP:0005086
HP:0001367,HP:0005093
HP:0001367,HP:0005186
HP:0001367,HP:0005187
HP:0001367,HP:0005191
HP:0001367,HP:0005195
HP:0001367,HP:0005261
HP:0001367,HP:0005262
HP:0001367,HP:0005332
HP:0001367,HP:0005473
HP:0001367,HP:0005617
HP:0001367,HP:0005626
HP:0001367,HP:0005640
HP:0001367,HP:0005679
HP:0001367,HP:0005681
HP:0001367,HP:0005682
HP:0001367,HP:0005694
HP:0001367,HP:0005715
HP:0001367,HP:0005739
HP:0001367,HP:0005747
HP:0001367,HP:0005764
HP:0001367,HP:0005776
HP:0001367,HP:0005798
HP:0001367,HP:0005802
HP:0001367,HP:0005852
HP:0001367,HP:0005856
HP:0001367,HP:0005867
HP:0001367,HP:0005879
HP:0001367,HP:0005880
HP:0001367,HP:0005892
HP:0001367,HP:0005928
HP:0001367,HP:0005929
HP:0001367,HP:0006014
HP:0001367,HP:0006067
HP:0001367,HP:0006092
HP:0001367,HP:0006106
HP:0001367,HP:0006147
HP:0001367,HP:0006152
HP:0001367,HP:0006176
HP:0001367,HP:0006180
HP:0001367,HP:0006185
HP:0001367,HP:0006202
HP:0001367,HP:0006207
HP:0001367,HP:0006226
HP:0001367,HP:0006233
HP:0001367,HP:0006243
HP:0001367,HP:0006247
HP:0001367,HP:0006248
HP:0001367,HP:0006251
HP:0001367,HP:0006257
HP:0001367,HP:0006369
HP:0001367,HP:0006376
HP:0001367,HP:0006378
HP:0001367,HP:0006380
HP:0001367,HP:0006389
HP:0001367,HP:0006394
HP:0001367,HP:0006397
HP:0001367,HP:0006400
HP:0001367,HP:0006414
HP:0001367,HP:0006443
HP:0001367,HP:0006446
HP:0001367,HP:0006454
HP:0001367,HP:0006460
HP:0001367,HP:0006466
HP:0001367,HP:0006471
HP:0001367,HP:0006498
HP:0001367,HP:0006502
HP:0001367,HP:0006595
HP:0001367,HP:0008097
HP:0001367,HP:0008112
HP:0001367,HP:0008122
HP:0001367,HP:0008141
HP:0001367,HP:0008368
HP:0001367,HP:0008449
HP:0001367,HP:0008456
HP:0001367,HP:0008780
HP:0001367,HP:0008807
HP:0001367,HP:0008833
HP:0001367,HP:0008843
HP:0001367,HP:0009138
HP:0001367,HP:0009140
HP:0001367,HP:0009164
HP:0001367,HP:0009177
HP:0001367,HP:0009183
HP:0001367,HP:0009184
HP:0001367,HP:0009185
HP:0001367,HP:0009186
HP:0001367,HP:0009234
HP:0001367,HP:0009244
HP:0001367,HP:0009274
HP:0001367,HP:0009275
HP:0001367,HP:0009276
HP:0001367,HP:0009277
HP:0001367,HP:0009305
HP:0001367,HP:0009319
HP:0001367,HP:0009426
HP:0001367,HP:0009445
HP:0001367,HP:0009469
HP:0001367,HP:0009470
HP:0001367,HP:0009471
HP:0001367,HP:0009473
HP:0001367,HP:0009477
HP:0001367,HP:0009478
HP:0001367,HP:0009482
HP:0001367,HP:0009483
HP:0001367,HP:0009537
HP:0001367,HP:0009538
HP:0001367,HP:0009539
HP:0001367,HP:0009540
HP:0001367,HP:0009545
HP:0001367,HP:0009563
HP:0001367,HP:0009579
HP:0001367,HP:0009598
HP:0001367,HP:0009626
HP:0001367,HP:0009640
HP:0001367,HP:0009656
HP:0001367,HP:0009697
HP:0001367,HP:0009700
HP:0001367,HP:0009701
HP:0001367,HP:0009702
HP:0001367,HP:0009703
HP:0001367,HP:0009705
HP:0001367,HP:0009706
HP:0001367,HP:0009707
HP:0001367,HP:0009708
HP:0001367,HP:0009756
HP:0001367,HP:0009757
HP:0001367,HP:0009759
HP:0001367,HP:0009760
HP:0001367,HP:0009810
HP:0001367,HP:0009811
HP:0001367,HP:0010091
HP:0001367,HP:0010179
HP:0001367,HP:0010200
HP:0001367,HP:0010353
HP:0001367,HP:0010365
HP:0001367,HP:0010377
HP:0001367,HP:0010389
HP:0001367,HP:0010401
HP:0001367,HP:0010419
HP:0001367,HP:0010454
HP:0001367,HP:0010455
HP:0001367,HP:0010498
HP:0001367,HP:0010499
HP:0001367,HP:0010500
HP:0001367,HP:0010501
HP:0001367,HP:0010505
HP:0001367,HP:0010596
HP:0001367,HP:0010599
HP:0001367,HP:0010601
HP:0001367,HP:0010717
HP:0001367,HP:0010886
HP:0001367,HP:0010889
HP:0001367,HP:0011448
HP:0001367,HP:0011835
HP:0001367,HP:0012095
HP:0001367,HP:0012313
HP:0001367,HP:0012314
HP:0001367,HP:0012317
HP:0001367,HP:0012449
HP:0001367,HP:0012453
HP:0001367,HP:0012454
HP:0001367,HP:0012785
HP:0001367,HP:0020021
HP:0001367,HP:0020022
HP:0001367,HP:0020023
HP:0001367,HP:0020024
HP:0001367,HP:0020025
HP:0001367,HP:0020076
HP:0001367,HP:0020127
HP:0001367,HP:0020252
HP:0001367,HP:0020256
HP:0001367,HP:0020300
HP:0001367,HP:0020301
HP:0001367,HP:0020309
HP:0001367,HP:0025231
HP:0001367,HP:0025232
HP:0001367,HP:0025317
HP:0001367,HP:0025798
HP:0001367,HP:0025799
HP:0001367,HP:0025800
HP:0001367,HP:0025802
HP:0001367,HP:0025850
HP:0001367,HP:0030039
HP:0001367,HP:0030040
HP:0001367,HP:0030043
HP:0001367,HP:0030125
HP:0001367,HP:0030233
HP:0001367,HP:0030281
HP:0001367,HP:0030310
HP:0001367,HP:0030311
HP:0001367,HP:0030675
HP:0001367,HP:0030865
HP:0001367,HP:0030866
HP:0001367,HP:0030883
HP:0001367,HP:0031174
HP:0001367,HP:0031610
HP:0001367,HP:0031869
HP:0001367,HP:0032063
HP:0001367,HP:0032072
HP:0001367,HP:0032153
HP:0001367,HP:0032190
HP:0001367,HP:0032191
HP:0001367,HP:0033037
HP:0001367,HP:0033308
HP:0001367,HP:0033526
HP:0001367,HP:0033640
HP:0001367,HP:0034044
HP:0001367,HP:0034186
HP:0001367,HP:0034337
HP:0001367,HP:0034374
HP:0001367,HP:0034647
HP:0001367,HP:0034669
HP:0001367,HP:0034670
HP:0001367,HP:0034671
HP:0001367,HP:0034672
HP:0001367,HP:0034673
HP:0001367,HP:0034674
HP:0001367,HP:0034677
HP:0001367,HP:0034678
HP:0001367,HP:0034679
HP:0001367,HP:0034680
HP:0001367,HP:0034681
HP:0001367,HP:0034682
HP:0001367,HP:0034939
HP:0001367,HP:0034993
HP:0001367,HP:0040188
HP:0001367,HP:0040310
HP:0001367,HP:0040311
HP:0001367,HP:0040312
HP:0001367,HP:0040313
HP:0001367,HP:0041145
HP:0001367,HP:0041152
HP:0001367,HP:0041153
HP:0001367,HP:0041173
HP:0001367,HP:0041217
HP:0001367,HP:0041219
HP:0001367,HP:0041237
HP:0001367,HP:0041248
HP:0001367,HP:0045001
HP:0001367,HP:0045002
HP:0001367,HP:0045003
HP:0001367,HP:0045004
HP:0001367,HP:0045086
HP:0001367,HP:0045087
HP:0001367,HP:0100235
HP:0001367,HP:0100238
HP:0001367,HP:0100240
HP:0001367,HP:0100262
HP:0001367,HP:0100263
HP:0001367,HP:0100264
HP:0001367,HP:0100265
HP:0001367,HP:0100266
HP:0001367,HP:0100328
HP:0001367,HP:0100329
HP:0001367,HP:0100476
HP:0001367,HP:0100477
HP:0001367,HP:0100478
HP:0001367,HP:0100480
HP:0001367,HP:0100481
HP:0001367,HP:0100482
HP:0001367,HP:0100483
HP:0001367,HP:0100484
HP:0001367,HP:0100485
HP:0001367,HP:0100486
HP:0001367,HP:0100488
HP:0001367,HP:0100490
HP:0001367,HP:0100491
HP:0001367,HP:0100531
HP:0001367,HP:0100744
HP:0001367,HP:0100745
HP:0001367,HP:0100769
HP:0001367,HP:0100781
HP:0001367,HP:0430035
HP:0001367,HP:0430036
HP:0001367,HP:3000079
HP:0001367,HP:4000062
HP:0001367,HP:5210207
HP:0001367,HP:5210208
HP:0001367,HP:5210209
HP:0001367,HP:5210210
HP:0001367,HP:5210344
HP:0001367,HP:6000002
HP:0001367,HP:6000140
HP:0001367,HP:6000248
HP:0001367,HP:6000364
HP:0001367,HP:6000591
HP:0001367,HP:6000650
HP:0001367,HP:6000807
HP:0001367,HP:6000875
HP:0001367,HP:6001020
HP:0001367,HP:6001052
HP:0001367,HP:6001057
HP:0001367,HP:6001097
HP:0001367,HP:6001107
HP:0001367,HP:6001132
HP:0001367,HP:6001133
HP:0001367,HP:6001143
HP:0001367,HP:6001151
HP:0001367,HP:6001197
HP:0001367,HP:6001198
HP:0001367,HP:6001201
HP:0001367,HP:6001202
HP:0001367,HP:6001206
HP:0001367,HP:6001207
HP:0001367,HP:6001208
HP:0001367,HP:6001209
HP:0001367,HP:6001275
HP:0001367,HP:6001304
HP:0001367,HP:6001305
HP:0001367,HP:6001306
HP:0001367,HP:6001307
HP:0001367,HP:6001308
HP:0001367,HP:6001309
HP:0001367,HP:6001310
HP:0001367,HP:6001317
HP:0001367,HP:6001331
HP:0001367,HP:6001332
HP:0001367,HP:6001342
HP:0001367,HP:6001343
HP:0001367,HP:6001350
HP:0001367,HP:6001364
HP:0001367,HP:6001365
HP:0001367,HP:6001377
HP:0001367,HP:6001392
HP:0001367,HP:6001393
HP:0001367,HP:6001394
HP:0001367,HP:6001395
HP:0001367,HP:6001396
HP:0001367,HP:6001408
HP:0001367,HP:6001409
HP:0001367,HP:6001426
HP:0001367,HP:6001427
HP:0001367,HP:6001428
HP:0001367,HP:6001540
HP:0001373,HP:0001373
HP:0001373,HP:0001374
HP:0001373,HP:0002827
HP:0001373,HP:0002999
HP:0001373,HP:0003042
HP:0001373,HP:0003083
HP:0001373,HP:0003834
HP:0001373,HP:0003994
HP:0001373,HP:0004976
HP:0001373,HP:0005001
HP:0001373,HP:0005008
HP:0001373,HP:0005021
HP:0001373,HP:0005050
HP:0001373,HP:0005070
HP:0001373,HP:0005084
HP:0001373,HP:0005191
HP:0001373,HP:0005798
HP:0001373,HP:0005856
HP:0001373,HP:0006243
HP:0001373,HP:0008141
HP:0001373,HP:0008780
HP:0001373,HP:0012095
HP:0001373,HP:0030310
HP:0001373,HP:0030311
HP:0001373,HP:0031610
HP:0001373,HP:0031869
HP:0001373,HP:6001057
HP:0001382,HP:0001187
HP:0001382,HP:0001382
HP:0001382,HP:0002761
HP:0001382,HP:0005072
HP:0001382,HP:0005190
HP:0001382,HP:0005620
HP:0001382,HP:0005639
HP:0001382,HP:0005722
HP:0001382,HP:0006094
HP:0001382,HP:0006149
HP:0001382,HP:0006201
HP:0001382,HP:0006460
HP:0001382,HP:0010485
HP:0001382,HP:0020152
HP:0001382,HP:0045086
HP:0001382,HP:0045087
HP:0001382,HP:0430046
HP:0001382,HP:0430047
HP:0001382,HP:6001329
HP:0001382,HP:6001330
HP:0001433,HP:0001433
HP:0001596,HP:0001596
HP:0001596,HP:0002232
HP:0001596,HP:0002287
HP:0001596,HP:0002289
HP:0001596,HP:0002293
HP:0001596,HP:0004529
HP:0001596,HP:0004552
HP:0001596,HP:0005597
HP:0001596,HP:0007418
HP:0001639,HP:0001639
HP:0001639,HP:0001670
HP:0001639,HP:0005157
HP:0001639,HP:0031992
HP:0001644,HP:0001644
HP:0001712,HP:0001712
HP:0001712,HP:0005129
HP:0001742,HP:0001742
HP:0001744,HP:0001433
HP:0001744,HP:0001744
HP:0001744,HP:0006268
HP:0001761,HP:0001761
HP:0001892,HP:0000132
HP:0001892,HP:0000225
HP:0001892,HP:0000421
HP:0001892,HP:0000573
HP:0001892,HP:0000967
HP:0001892,HP:0000978
HP:0001892,HP:0000979
HP:0001892,HP:0001342
HP:0001892,HP:0001892
HP:0001892,HP:0001933
HP:0001892,HP:0001934
HP:0001892,HP:0002138
HP:0001892,HP:0002170
HP:0001892,HP:0002239
HP:0001892,HP:0002248
HP:0001892,HP:0002249
HP:0001892,HP:0002573
HP:0001892,HP:0002584
HP:0001892,HP:0003010
HP:0001892,HP:0004406
HP:0001892,HP:0004846
HP:0001892,HP:0004968
HP:0001892,HP:0005261
HP:0001892,HP:0006298
HP:0001892,HP:0006535
HP:0001892,HP:0007023
HP:0001892,HP:0007420
HP:0001892,HP:0007902
HP:0001892,HP:0011029
HP:0001892,HP:0011695
HP:0001892,HP:0011884
HP:0001892,HP:0011885
HP:0001892,HP:0011886
HP:0001892,HP:0011887
HP:0001892,HP:0011888
HP:0001892,HP:0011889
HP:0001892,HP:0011890
HP:0001892,HP:0011891
HP:0001892,HP:0011896
HP:0001892,HP:0012541
HP:0001892,HP:0012849
HP:0001892,HP:0025241
HP:0001892,HP:0025242
HP:0001892,HP:0025243
HP:0001892,HP:0025244
HP:0001892,HP:0025328
HP:0001892,HP:0025420
HP:0001892,HP:0025574
HP:0001892,HP:0025581
HP:0001892,HP:0025582
HP:0001892,HP:0030137
HP:0001892,HP:0030138
HP:0001892,HP:0030139
HP:0001892,HP:0030140
HP:0001892,HP:0030746
HP:0001892,HP:0030747
HP:0001892,HP:0030748
HP:0001892,HP:0030749
HP:0001892,HP:0030750
HP:0001892,HP:0030751
HP:0001892,HP:0031363
HP:0001892,HP:0031364
HP:0001892,HP:0031365
HP:0001892,HP:0031611
HP:0001892,HP:0031805
HP:0001892,HP:0032144
HP:0001892,HP:0032990
HP:0001892,HP:0034208
HP:0001892,HP:0034209
HP:0001892,HP:0034210
HP:0001892,HP:0034211
HP:0001892,HP:0034212
HP:0001892,HP:0034213
HP:0001892,HP:0034214
HP:0001892,HP:0034215
HP:0001892,HP:0034216
HP:0001892,HP:0034218
HP:0001892,HP:0034219
HP:0001892,HP:0034263
HP:0001892,HP:0034264
HP:0001892,HP:0034266
HP:0001892,HP:0034771
HP:0001892,HP:0040223
HP:0001892,HP:0040231
HP:0001892,HP:0040232
HP:0001892,HP:0040242
HP:0001892,HP:0100309
HP:0001892,HP:0100310
HP:0001892,HP:6001318
HP:0001978,HP:0001978
HP:0002027,HP:0002027
HP:0002027,HP:0002574
HP:0002027,HP:0011848
HP:0002027,HP:0032155
HP:0002027,HP:0032545
HP:0002027,HP:0032546
HP:0002027,HP:0033400
HP:0002027,HP:0410281
HP:0002073,HP:0002073
HP:0002120,HP:0002120
HP:0002120,HP:0006913
HP:0002120,HP:0007112
HP:0002120,HP:0012104
HP:0002120,HP:0012105
HP:0002120,HP:0100308
HP:0002120,HP:0410170
HP:0002126,HP:0002126
HP:0002126,HP:0006821
HP:0002126,HP:0006927
HP:0002126,HP:0012650
HP:0002126,HP:0025646
HP:0002126,HP:0032406
HP:0002126,HP:0032407
HP:0002126,HP:0032410
HP:0002126,HP:0032415
HP:0002126,HP:0032471
HP:0002127,HP:0002127
HP:0002180,HP:0002180
HP:0002180,HP:0002528
HP:0002180,HP:0040140
HP:0002240,HP:0001433
HP:0002240,HP:0002240
HP:0002240,HP:0006564
HP:0002269,HP:0001302
HP:0002269,HP:0001339
HP:0002269,HP:0002126
HP:0002269,HP:0002269
HP:0002269,HP:0002282
HP:0002269,HP:0002536
HP:0002269,HP:0006818
HP:0002269,HP:0006821
HP:0002269,HP:0006927
HP:0002269,HP:0007165
HP:0002269,HP:0007187
HP:0002269,HP:0007260
HP:0002269,HP:0009879
HP:0002269,HP:0012650
HP:0002269,HP:0020187
HP:0002269,HP:0020188
HP:0002269,HP:0020189
HP:0002269,HP:0020190
HP:0002269,HP:0020191
HP:0002269,HP:0020192
HP:0002269,HP:0025646
HP:0002269,HP:0031882
HP:0002269,HP:0032388
HP:0002269,HP:0032389
HP:0002269,HP:0032390
HP:0002269,HP:0032391
HP:0002269,HP:0032392
HP:0002269,HP:0032393
HP:0002269,HP:0032394
HP:0002269,HP:0032395
HP:0002269,HP:0032396
HP:0002269,HP:0032398
HP:0002269,HP:0032399
HP:0002269,HP:0032400
HP:0002269,HP:0032406
HP:0002269,HP:0032407
HP:0002269,HP:0032409
HP:0002269,HP:0032410
HP:0002269,HP:0032411
HP:0002269,HP:0032412
HP:0002269,HP:0032413
HP:0002269,HP:0032415
HP:0002269,HP:0032456
HP:0002269,HP:0032457
HP:0002269,HP:0032471
HP:0002269,HP:0032475
HP:0002269,HP:0045028
HP:0002282,HP:0002282
HP:0002282,HP:0007165
HP:0002282,HP:0032388
HP:0002282,HP:0032389
HP:0002282,HP:0032390
HP:0002282,HP:0032391
HP:0002282,HP:0032392
HP:0002282,HP:0032393
HP:0002282,HP:0032394
HP:0002282,HP:0032395
HP:0002282,HP:0032396
HP:0002282,HP:0032409
HP:0002282,HP:0032411
HP:0002282,HP:0032412
HP:0002282,HP:0032413
HP:0002333,HP:0002333
HP:0002366,HP:0002366
HP:0002376,HP:0002376
HP:0002376,HP:0033044
HP:0002376,HP:0034332
HP:0002376,HP:6001482
HP:0002376,HP:6001483
HP:0002460,HP:0002460
HP:0002460,HP:0002601
HP:0002460,HP:0003392
HP:0002460,HP:0003810
HP:0002460,HP:0008959
HP:0002460,HP:0008963
HP:0002460,HP:0009053
HP:0002460,HP:0009063
HP:0002460,HP:0011727
HP:0002483,HP:0002483
HP:0002616,HP:0002616
HP:0002647,HP:0002647
HP:0002647,HP:0004933
HP:0002647,HP:0012499
HP:0002647,HP:0033311
HP:0002748,HP:0002748
HP:0002748,HP:0004912
HP:0002748,HP:0006463
HP:0002757,HP:0002757
HP:0002757,HP:0003084
HP:0002936,HP:0002936
HP:0002936,HP:0006858
HP:0002936,HP:0006937
HP:0002980,HP:0002980
HP:0002980,HP:0005005
HP:0002980,HP:0005090
HP:0002980,HP:0005096
HP:0003027,HP:0003027
HP:0003027,HP:0003086
HP:0003027,HP:0004987
HP:0003027,HP:0005011
HP:0003074,HP:0003074
HP:0003074,HP:0011998
HP:0003074,HP:0025691
HP:0003159,HP:0003159
HP:0003693,HP:0003393
HP:0003693,HP:0003426
HP:0003693,HP:0003693
HP:0003693,HP:0007149
HP:0003693,HP:0007181
HP:0003693,HP:0008944
HP:0003693,HP:0008954
HP:0003693,HP:0008955
HP:0003693,HP:0009130
HP:0003693,HP:0011399
HP:0003693,HP:6001485
HP:0004302,HP:0002359
HP:0004302,HP:0003388
HP:0004302,HP:0003551
HP:0004302,HP:0003698
HP:0004302,HP:0004302
HP:0004302,HP:0009046
HP:0004302,HP:0033235
HP:0004322,HP:0000839
HP:0004322,HP:0003498
HP:0004322,HP:0003502
HP:0004322,HP:0003508
HP:0004322,HP:0003510
HP:0004322,HP:0003521
HP:0004322,HP:0003561
HP:0004322,HP:0004322
HP:0004322,HP:0004991
HP:0004322,HP:0005026
HP:0004322,HP:0005069
HP:0004322,HP:0008845
HP:0004322,HP:0008848
HP:0004322,HP:0008857
HP:0004322,HP:0008873
HP:0004322,HP:0008890
HP:0004322,HP:0008905
HP:0004322,HP:0008909
HP:0004322,HP:0008921
HP:0004322,HP:0008922
HP:0004322,HP:0008929
HP:0004322,HP:0011404
HP:0004322,HP:0011405
HP:0004322,HP:0011406
HP:0004322,HP:0012106
HP:0004349,HP:0000938
HP:0004349,HP:0000939
HP:0004349,HP:0002748
HP:0004349,HP:0002749
HP:0004349,HP:0004349
HP:0004349,HP:0004912
HP:0004349,HP:0005625
HP:0004349,HP:0005653
HP:0004349,HP:0005897
HP:0004349,HP:0006462
HP:0004349,HP:0006463
HP:0004349,HP:0010657
HP:0004349,HP:0010659
HP:0004349,HP:0040160
HP:0004349,HP:0040161
HP:0004840,HP:0004840
HP:0005855,HP:0005855
HP:0007002,HP:0007002
HP:0007359,HP:0002266
HP:0007359,HP:0002349
HP:0007359,HP:0002384
HP:0007359,HP:0006813
HP:0007359,HP:0007332
HP:0007359,HP:0007334
HP:0007359,HP:0007359
HP:0007359,HP:0010820
HP:0007359,HP:0010821
HP:0007359,HP:0011153
HP:0007359,HP:0011154
HP:0007359,HP:0011157
HP:0007359,HP:0011158
HP:0007359,HP:0011159
HP:0007359,HP:0011160
HP:0007359,HP:0011161
HP:0007359,HP:0011163
HP:0007359,HP:0011165
HP:0007359,HP:0011166
HP:0007359,HP:0011167
HP:0007359,HP:0011168
HP:0007359,HP:0011173
HP:0007359,HP:0011174
HP:0007359,HP:0011175
HP:0007359,HP:0012002
HP:0007359,HP:0012003
HP:0007359,HP:0012004
HP:0007359,HP:0012005
HP:0007359,HP:0012006
HP:0007359,HP:0012007
HP:0007359,HP:0012008
HP:0007359,HP:0020217
HP:0007359,HP:0020218
HP:0007359,HP:0020220
HP:0007359,HP:0025613
HP:0007359,HP:0031165
HP:0007359,HP:0032662
HP:0007359,HP:0032679
HP:0007359,HP:0032680
HP:0007359,HP:0032681
HP:0007359,HP:0032682
HP:0007359,HP:0032684
HP:0007359,HP:0032685
HP:0007359,HP:0032686
HP:0007359,HP:0032687
HP:0007359,HP:0032688
HP:0007359,HP:0032689
HP:0007359,HP:0032690
HP:0007359,HP:0032691
HP:0007359,HP:0032692
HP:0007359,HP:0032693
HP:0007359,HP:0032694
HP:0007359,HP:0032696
HP:0007359,HP:0032698
HP:0007359,HP:0032699
HP:0007359,HP:0032700
HP:0007359,HP:0032701
HP:0007359,HP:0032702
HP:0007359,HP:0032704
HP:0007359,HP:0032705
HP:0007359,HP:0032706
HP:0007359,HP:0032707
HP:0007359,HP:0032708
HP:0007359,HP:0032709
HP:0007359,HP:0032710
HP:0007359,HP:0032711
HP:0007359,HP:0032712
HP:0007359,HP:0032713
HP:0007359,HP:0032714
HP:0007359,HP:0032715
HP:0007359,HP:0032716
HP:0007359,HP:0032717
HP:0007359,HP:0032718
HP:0007359,HP:0032719
HP:0007359,HP:0032720
HP:0007359,HP:0032721
HP:0007359,HP:0032722
HP:0007359,HP:0032723
HP:0007359,HP:0032724
HP:0007359,HP:0032725
HP:0007359,HP:0032726
HP:0007359,HP:0032727
HP:0007359,HP:0032728
HP:0007359,HP:0032729
HP:0007359,HP:0032730
HP:0007359,HP:0032731
HP:0007359,HP:0032732
HP:0007359,HP:0032733
HP:0007359,HP:0032734
HP:0007359,HP:0032735
HP:0007359,HP:0032736
HP:0007359,HP:0032737
HP:0007359,HP:0032738
HP:0007359,HP:0032739
HP:0007359,HP:0032740
HP:0007359,HP:0032741
HP:0007359,HP:0032742
HP:0007359,HP:0032743
HP:0007359,HP:0032744
HP:0007359,HP:0032745
HP:0007359,HP:0032746
HP:0007359,HP:0032747
HP:0007359,HP:0032748
HP:0007359,HP:0032749
HP:0007359,HP:0032750
HP:0007359,HP:0032751
HP:0007359,HP:0032752
HP:0007359,HP:0032753
HP:0007359,HP:0032754
HP:0007359,HP:0032755
HP:0007359,HP:0032756
HP:0007359,HP:0032757
HP:0007359,HP:0032758
HP:0007359,HP:0032759
HP:0007359,HP:0032760
HP:0007359,HP:0032761
HP:0007359,HP:0032762
HP:0007359,HP:0032763
HP:0007359,HP:0032764
HP:0007359,HP:0032765
HP:0007359,HP:0032766
HP:0007359,HP:0032767
HP:0007359,HP:0032768
HP:0007359,HP:0032769
HP:0007359,HP:0032770
HP:0007359,HP:0032771
HP:0007359,HP:0032772
HP:0007359,HP:0032773
HP:0007359,HP:0032774
HP:0007359,HP:0032775
HP:0007359,HP:0032776
HP:0007359,HP:0032777
HP:0007359,HP:0032778
HP:0007359,HP:0032779
HP:0007359,HP:0032780
HP:0007359,HP:0032781
HP:0007359,HP:0032782
HP:0007359,HP:0032783
HP:0007359,HP:0032784
HP:0007359,HP:0032785
HP:0007359,HP:0032786
HP:0007359,HP:0032787
HP:0007359,HP:0032788
HP:0007359,HP:0032789
HP:0007359,HP:0032790
HP:0007359,HP:0032791
HP:0007359,HP:0032793
HP:0007359,HP:0032796
HP:0007359,HP:0032797
HP:0007359,HP:0032798
HP:0007359,HP:0032799
HP:0007359,HP:0032800
HP:0007359,HP:0032801
HP:0007359,HP:0032802
HP:0007359,HP:0032803
HP:0007359,HP:0032804
HP:0007359,HP:0032805
HP:0007359,HP:0032806
HP:0007359,HP:0032810
HP:0007359,HP:0032843
HP:0007359,HP:0032844
HP:0007359,HP:0032845
HP:0007359,HP:0032846
HP:0007359,HP:0032847
HP:0007359,HP:0032848
HP:0007359,HP:0032850
HP:0007359,HP:0032851
HP:0007359,HP:0032852
HP:0007359,HP:0032853
HP:0007359,HP:0032854
HP:0007359,HP:0032856
HP:0007359,HP:0032857
HP:0007359,HP:0032858
HP:0007359,HP:0032859
HP:0007359,HP:0032864
HP:0007359,HP:0032870
HP:0007359,HP:0032871
HP:0007359,HP:0032872
HP:0007359,HP:0032873
HP:0007359,HP:0032874
HP:0007359,HP:0032876
HP:0007359,HP:0032877
HP:0007359,HP:0032878
HP:0007359,HP:0032879
HP:0007359,HP:0032880
HP:0007359,HP:0032882
HP:0007359,HP:0032883
HP:0007359,HP:0032884
HP:0007359,HP:0032885
HP:0007359,HP:0032886
HP:0007359,HP:0032888
HP:0007359,HP:0032889
HP:0007359,HP:0032890
HP:0007359,HP:0032891
HP:0007359,HP:0032897
HP:0007359,HP:0032898
HP:0007359,HP:0032899
HP:0007359,HP:0032900
HP:0007359,HP:0032901
HP:0007359,HP:0032902
HP:0007359,HP:0032903
HP:0007359,HP:0032904
HP:0007359,HP:0032905
HP:0007359,HP:0032906
HP:0007359,HP:0032907
HP:0007359,HP:0032908
HP:0007359,HP:0032909
HP:0007359,HP:0032910
HP:0007359,HP:0032911
HP:0007359,HP:0032912
HP:0007359,HP:0032913
HP:0007359,HP:0032914
HP:0007359,HP:0032915
HP:0007359,HP:0032916
HP:0007359,HP:0032917
HP:0007359,HP:0032918
HP:0007359,HP:0032919
HP:0007359,HP:0032920
HP:0007359,HP:0032921
HP:0007359,HP:0032922
HP:0007359,HP:0032923
HP:0007359,HP:0032924
HP:0007359,HP:0032925
HP:0007359,HP:0032926
HP:0007359,HP:0032927
HP:0007359,HP:0033346
HP:0007359,HP:0033347
HP:0007359,HP:0033348
HP:0007359,HP:0033722
HP:0007373,HP:0002398
HP:0007373,HP:0007354
HP:0007373,HP:0007373
HP:0007495,HP:0000607
HP:0007495,HP:0002216
HP:0007495,HP:0004771
HP:0007495,HP:0005328
HP:0007495,HP:0007392
HP:0007495,HP:0007407
HP:0007495,HP:0007414
HP:0007495,HP:0007495
HP:0007495,HP:0007517
HP:0007495,HP:0007605
HP:0007495,HP:0008509
HP:0007495,HP:0009762
HP:0007495,HP:0100678
HP:0007495,HP:6000744
HP:0008070,HP:0000653
HP:0008070,HP:0002209
HP:0008070,HP:0002215
HP:0008070,HP:0002225
HP:0008070,HP:0002231
HP:0008070,HP:0002296
HP:0008070,HP:0004528
HP:0008070,HP:0004768
HP:0008070,HP:0007464
HP:0008070,HP:0007776
HP:0008070,HP:0008070
HP:0008070,HP:0040050
HP:0008404,HP:0001810
HP:0008404,HP:0008391
HP:0008404,HP:0008404
HP:0008404,HP:0030818
HP:0009830,HP:0000763
HP:0009830,HP:0001271
HP:0009830,HP:0001301
HP:0009830,HP:0003390
HP:0009830,HP:0003409
HP:0009830,HP:0003434
HP:0009830,HP:0003477
HP:0009830,HP:0003489
HP:0009830,HP:0006865
HP:0009830,HP:0006903
HP:0009830,HP:0006949
HP:0009830,HP:0007002
HP:0009830,HP:0007067
HP:0009830,HP:0007108
HP:0009830,HP:0007131
HP:0009830,HP:0007133
HP:0009830,HP:0007141
HP:0009830,HP:0007178
HP:0009830,HP:0007220
HP:0009830,HP:0007267
HP:0009830,HP:0007327
HP:0009830,HP:0009830
HP:0009830,HP:0009831
HP:0009830,HP:0011402
HP:0009830,HP:0012181
HP:0009830,HP:0012185
HP:0009830,HP:0012186
HP:0009830,HP:0012216
HP:0009830,HP:0032018
HP:0010472,HP:0010472
HP:0010472,HP:0012187
HP:0010472,HP:0034606
HP:0010472,HP:0034869
HP:0010472,HP:0034905
HP:0010472,HP:0034909
HP:0010472,HP:0034910
HP:0010472,HP:6000698
HP:0010766,HP:0000934
HP:0010766,HP:0001717
HP:0010766,HP:0002135
HP:0010766,HP:0002461
HP:0010766,HP:0002504
HP:0010766,HP:0002514
HP:0010766,HP:0002764
HP:0010766,HP:0002787
HP:0010766,HP:0002832
HP:0010766,HP:0003207
HP:0010766,HP:0003902
HP:0010766,HP:0004234
HP:0010766,HP:0004240
HP:0010766,HP:0004241
HP:0010766,HP:0004380
HP:0010766,HP:0004382
HP:0010766,HP:0004695
HP:0010766,HP:0004934
HP:0010766,HP:0004940
HP:0010766,HP:0004962
HP:0010766,HP:0004963
HP:0010766,HP:0004966
HP:0010766,HP:0005017
HP:0010766,HP:0005103
HP:0010766,HP:0005136
HP:0010766,HP:0005146
HP:0010766,HP:0005213
HP:0010766,HP:0005303
HP:0010766,HP:0005462
HP:0010766,HP:0005645
HP:0010766,HP:0005671
HP:0010766,HP:0005756
HP:0010766,HP:0005849
HP:0010766,HP:0006370
HP:0010766,HP:0006514
HP:0010766,HP:0006559
HP:0010766,HP:0006600
HP:0010766,HP:0006619
HP:0010766,HP:0006637
HP:0010766,HP:0006646
HP:0010766,HP:0006690
HP:0010766,HP:0006694
HP:0010766,HP:0006906
HP:0010766,HP:0006960
HP:0010766,HP:0007045
HP:0010766,HP:0007229
HP:0010766,HP:0007238
HP:0010766,HP:0007346
HP:0010766,HP:0007352
HP:0010766,HP:0007618
HP:0010766,HP:0007862
HP:0010766,HP:0008131
HP:0010766,HP:0008703
HP:0010766,HP:0008754
HP:0010766,HP:0009164
HP:0010766,HP:0009165
HP:0010766,HP:0009195
HP:0010766,HP:0009201
HP:0010766,HP:0009212
HP:0010766,HP:0009223
HP:0010766,HP:0009259
HP:0010766,HP:0009270
HP:0010766,HP:0009330
HP:0010766,HP:0009344
HP:0010766,HP:0009355
HP:0010766,HP:0009391
HP:0010766,HP:0009402
HP:0010766,HP:0009419
HP:0010766,HP:0009497
HP:0010766,HP:0009511
HP:0010766,HP:0009522
HP:0010766,HP:0009533
HP:0010766,HP:0009673
HP:0010766,HP:0009684
HP:0010766,HP:0009695
HP:0010766,HP:0010024
HP:0010766,HP:0010122
HP:0010766,HP:0010136
HP:0010766,HP:0010147
HP:0010766,HP:0010171
HP:0010766,HP:0010237
HP:0010766,HP:0010255
HP:0010766,HP:0010266
HP:0010766,HP:0010277
HP:0010766,HP:0010512
HP:0010766,HP:0010513
HP:0010766,HP:0010655
HP:0010766,HP:0010766
HP:0010766,HP:0011915
HP:0010766,HP:0012456
HP:0010766,HP:0012457
HP:0010766,HP:0012458
HP:0010766,HP:0025141
HP:0010766,HP:0025477
HP:0010766,HP:0025520
HP:0010766,HP:0031301
HP:0010766,HP:0031302
HP:0010766,HP:0031303
HP:0010766,HP:0031304
HP:0010766,HP:0031305
HP:0010766,HP:0031306
HP:0010766,HP:0031307
HP:0010766,HP:0031308
HP:0010766,HP:0031309
HP:0010766,HP:0031310
HP:0010766,HP:0031311
HP:0010766,HP:0031313
HP:0010766,HP:0031314
HP:0010766,HP:0031315
HP:0010766,HP:0033538
HP:0010766,HP:0033641
HP:0010766,HP:0033642
HP:0010766,HP:0034293
HP:0010766,HP:0040059
HP:0010766,HP:0100053
HP:0010766,HP:0100064
HP:0010766,HP:0100075
HP:0010766,HP:0100086
HP:0010766,HP:0100109
HP:0010766,HP:0100120
HP:0010766,HP:0100131
HP:0010766,HP:0100144
HP:0010766,HP:0100155
HP:0010766,HP:0100166
HP:0010766,HP:0100178
HP:0010766,HP:0100189
HP:0010766,HP:0100200
HP:0010766,HP:0100211
HP:0010766,HP:0100222
HP:0010766,HP:0100233
HP:0010766,HP:0100249
HP:0010766,HP:0100250
HP:0010766,HP:0100593
HP:0010766,HP:0430048
HP:0010766,HP:6000871
HP:0010871,HP:0010871
HP:0010983,HP:0010983
HP:0010984,HP:0010984
HP:0011097,HP:0011097
HP:0011097,HP:0012469
HP:0011097,HP:0032842
HP:0011097,HP:0032843
HP:0011097,HP:0032844
HP:0011097,HP:0032845
HP:0011344,HP:0011344
HP:0011729,HP:0001187
HP:0011729,HP:0001204
HP:0011729,HP:0001215
HP:0011729,HP:0001220
HP:0011729,HP:0001239
HP:0011729,HP:0001241
HP:0011729,HP:0001371
HP:0011729,HP:0001376
HP:0011729,HP:0001377
HP:0011729,HP:0001382
HP:0011729,HP:0001387
HP:0011729,HP:0001440
HP:0011729,HP:0001771
HP:0011729,HP:0001836
HP:0011729,HP:0001859
HP:0011729,HP:0002761
HP:0011729,HP:0002803
HP:0011729,HP:0002804
HP:0011729,HP:0002828
HP:0011729,HP:0002948
HP:0011729,HP:0002949
HP:0011729,HP:0002974
HP:0011729,HP:0002987
HP:0011729,HP:0002996
HP:0011729,HP:0003041
HP:0011729,HP:0003044
HP:0011729,HP:0003066
HP:0011729,HP:0003070
HP:0011729,HP:0003089
HP:0011729,HP:0003093
HP:0011729,HP:0003121
HP:0011729,HP:0003184
HP:0011729,HP:0003273
HP:0011729,HP:0003305
HP:0011729,HP:0003938
HP:0011729,HP:0003939
HP:0011729,HP:0004197
HP:0011729,HP:0004218
HP:0011729,HP:0004278
HP:0011729,HP:0004293
HP:0011729,HP:0004557
HP:0011729,HP:0004575
HP:0011729,HP:0004602
HP:0011729,HP:0004631
HP:0011729,HP:0004635
HP:0011729,HP:0005037
HP:0011729,HP:0005048
HP:0011729,HP:0005060
HP:0011729,HP:0005072
HP:0011729,HP:0005085
HP:0011729,HP:0005190
HP:0011729,HP:0005193
HP:0011729,HP:0005197
HP:0011729,HP:0005198
HP:0011729,HP:0005473
HP:0011729,HP:0005612
HP:0011729,HP:0005617
HP:0011729,HP:0005620
HP:0011729,HP:0005626
HP:0011729,HP:0005639
HP:0011729,HP:0005640
HP:0011729,HP:0005679
HP:0011729,HP:0005682
HP:0011729,HP:0005684
HP:0011729,HP:0005694
HP:0011729,HP:0005722
HP:0011729,HP:0005745
HP:0011729,HP:0005750
HP:0011729,HP:0005781
HP:0011729,HP:0005802
HP:0011729,HP:0005830
HP:0011729,HP:0005852
HP:0011729,HP:0005853
HP:0011729,HP:0005867
HP:0011729,HP:0005876
HP:0011729,HP:0005879
HP:0011729,HP:0005880
HP:0011729,HP:0005892
HP:0011729,HP:0005928
HP:0011729,HP:0005929
HP:0011729,HP:0005997
HP:0011729,HP:0006064
HP:0011729,HP:0006094
HP:0011729,HP:0006135
HP:0011729,HP:0006147
HP:0011729,HP:0006149
HP:0011729,HP:0006152
HP:0011729,HP:0006169
HP:0011729,HP:0006201
HP:0011729,HP:0006203
HP:0011729,HP:0006207
HP:0011729,HP:0006248
HP:0011729,HP:0006251
HP:0011729,HP:0006256
HP:0011729,HP:0006366
HP:0011729,HP:0006376
HP:0011729,HP:0006380
HP:0011729,HP:0006389
HP:0011729,HP:0006394
HP:0011729,HP:0006460
HP:0011729,HP:0006466
HP:0011729,HP:0006467
HP:0011729,HP:0006471
HP:0011729,HP:0006595
HP:0011729,HP:0006596
HP:0011729,HP:0008090
HP:0011729,HP:0008097
HP:0011729,HP:0008112
HP:0011729,HP:0008122
HP:0011729,HP:0008366
HP:0011729,HP:0008368
HP:0011729,HP:0008449
HP:0011729,HP:0008800
HP:0011729,HP:0009138
HP:0011729,HP:0009140
HP:0011729,HP:0009177
HP:0011729,HP:0009183
HP:0011729,HP:0009184
HP:0011729,HP:0009185
HP:0011729,HP:0009186
HP:0011729,HP:0009234
HP:0011729,HP:0009244
HP:0011729,HP:0009274
HP:0011729,HP:0009275
HP:0011729,HP:0009276
HP:0011729,HP:0009277
HP:0011729,HP:0009305
HP:0011729,HP:0009319
HP:0011729,HP:0009426
HP:0011729,HP:0009445
HP:0011729,HP:0009469
HP:0011729,HP:0009470
HP:0011729,HP:0009471
HP:0011729,HP:0009473
HP:0011729,HP:0009477
HP:0011729,HP:0009478
HP:0011729,HP:0009482
HP:0011729,HP:0009483
HP:0011729,HP:0009537
HP:0011729,HP:0009538
HP:0011729,HP:0009539
HP:0011729,HP:0009540
HP:0011729,HP:0009545
HP:0011729,HP:0009563
HP:0011729,HP:0009579
HP:0011729,HP:0009598
HP:0011729,HP:0009626
HP:0011729,HP:0009640
HP:0011729,HP:0009656
HP:0011729,HP:0009697
HP:0011729,HP:0009700
HP:0011729,HP:0009701
HP:0011729,HP:0009702
HP:0011729,HP:0009703
HP:0011729,HP:0009705
HP:0011729,HP:0009706
HP:0011729,HP:0009707
HP:0011729,HP:0009708
HP:0011729,HP:0009742
HP:0011729,HP:0010091
HP:0011729,HP:0010179
HP:0011729,HP:0010200
HP:0011729,HP:0010212
HP:0011729,HP:0010213
HP:0011729,HP:0010214
HP:0011729,HP:0010215
HP:0011729,HP:0010327
HP:0011729,HP:0010333
HP:0011729,HP:0010339
HP:0011729,HP:0010345
HP:0011729,HP:0010353
HP:0011729,HP:0010365
HP:0011729,HP:0010377
HP:0011729,HP:0010389
HP:0011729,HP:0010401
HP:0011729,HP:0010419
HP:0011729,HP:0010485
HP:0011729,HP:0010501
HP:0011729,HP:0010505
HP:0011729,HP:0010717
HP:0011729,HP:0011729
HP:0011729,HP:0012385
HP:0011729,HP:0012453
HP:0011729,HP:0012454
HP:0011729,HP:0012785
HP:0011729,HP:0020021
HP:0011729,HP:0020022
HP:0011729,HP:0020023
HP:0011729,HP:0020024
HP:0011729,HP:0020025
HP:0011729,HP:0020152
HP:0011729,HP:0025258
HP:0011729,HP:0025259
HP:0011729,HP:0025260
HP:0011729,HP:0025261
HP:0011729,HP:0025262
HP:0011729,HP:0025263
HP:0011729,HP:0025264
HP:0011729,HP:0025265
HP:0011729,HP:0030039
HP:0011729,HP:0030040
HP:0011729,HP:0030044
HP:0011729,HP:0030125
HP:0011729,HP:0030233
HP:0011729,HP:0030281
HP:0011729,HP:0030675
HP:0011729,HP:0031013
HP:0011729,HP:0033333
HP:0011729,HP:0033475
HP:0011729,HP:0033482
HP:0011729,HP:0033526
HP:0011729,HP:0034337
HP:0011729,HP:0034391
HP:0011729,HP:0034392
HP:0011729,HP:0034393
HP:0011729,HP:0034394
HP:0011729,HP:0034395
HP:0011729,HP:0034665
HP:0011729,HP:0034666
HP:0011729,HP:0034677
HP:0011729,HP:0034678
HP:0011729,HP:0034679
HP:0011729,HP:0034680
HP:0011729,HP:0034681
HP:0011729,HP:0034682
HP:0011729,HP:0034990
HP:0011729,HP:0034991
HP:0011729,HP:0034993
HP:0011729,HP:0035009
HP:0011729,HP:0045086
HP:0011729,HP:0045087
HP:0011729,HP:0100235
HP:0011729,HP:0100238
HP:0011729,HP:0100240
HP:0011729,HP:0100262
HP:0011729,HP:0100263
HP:0011729,HP:0100264
HP:0011729,HP:0100265
HP:0011729,HP:0100266
HP:0011729,HP:0100328
HP:0011729,HP:0100329
HP:0011729,HP:0100348
HP:0011729,HP:0100349
HP:0011729,HP:0100350
HP:0011729,HP:0100351
HP:0011729,HP:0100352
HP:0011729,HP:0100353
HP:0011729,HP:0100354
HP:0011729,HP:0100355
HP:0011729,HP:0100356
HP:0011729,HP:0100357
HP:0011729,HP:0100358
HP:0011729,HP:0100359
HP:0011729,HP:0100360
HP:0011729,HP:0100476
HP:0011729,HP:0100477
HP:0011729,HP:0100478
HP:0011729,HP:0100480
HP:0011729,HP:0100481
HP:0011729,HP:0100482
HP:0011729,HP:0100483
HP:0011729,HP:0100484
HP:0011729,HP:0100485
HP:0011729,HP:0100486
HP:0011729,HP:0100488
HP:0011729,HP:0100490
HP:0011729,HP:0430046
HP:0011729,HP:0430047
HP:0011729,HP:4000062
HP:0011729,HP:6000366
HP:0011729,HP:6000650
HP:0011729,HP:6000807
HP:0011729,HP:6001052
HP:0011729,HP:6001097
HP:0011729,HP:6001170
HP:0011729,HP:6001194
HP:0011729,HP:6001196
HP:0011729,HP:6001329
HP:0011729,HP:6001330
HP:0011729,HP:6001509
HP:0011729,HP:6001510
HP:0011729,HP:6001511
HP:0011729,HP:6001512
HP:0011729,HP:6001534
HP:0011966,HP:0011966
HP:0012191,HP:0012191
HP:0012191,HP:0033125
HP:0012469,HP:0012469
HP:0020188,HP:0020188
HP:0025019,HP:0025019
HP:0025066,HP:0025066
HP:0031368,HP:0031368
HP:0031368,HP:0031369
HP:0031368,HP:0031370
HP:0031368,HP:0031371
HP:0032388,HP:0032388
HP:0032407,HP:0032407
HP:0032409,HP:0032409
HP:0032409,HP:0032411
HP:0032409,HP:0032412
HP:0032409,HP:0032413
HP:0032792,HP:0010818
HP:0032792,HP:0011167
HP:0032792,HP:0032722
HP:0032792,HP:0032724
HP:0032792,HP:0032792
HP:0034345,HP:0000006
HP:0034345,HP:0000007
HP:0034345,HP:0001417
HP:0034345,HP:0001419
HP:0034345,HP:0001423
HP:0034345,HP:0001427
HP:0034345,HP:0001450
HP:0034345,HP:0032113
HP:0034345,HP:0034339
HP:0034345,HP:0034340
HP:0034345,HP:0034341
HP:0034345,HP:0034345
HP:0100495,HP:0031824
HP:0100495,HP:0100495
HP:0100495,HP:0200151
HP:0100543,HP:0000726
HP:0100543,HP:0000727
HP:0100543,HP:0000736
HP:0100543,HP:0001268
HP:0100543,HP:0001289
HP:0100543,HP:0002145
HP:0100543,HP:0002333
HP:0100543,HP:0002344
HP:0100543,HP:0002354
HP:0100543,HP:0002361
HP:0100543,HP:0002439
HP:0100543,HP:0002549
HP:0100543,HP:0007017
HP:0100543,HP:0007018
HP:0100543,HP:0007064
HP:0100543,HP:0007086
HP:0100543,HP:0007123
HP:0100543,HP:0007272
HP:0100543,HP:0007307
HP:0100543,HP:0010534
HP:0100543,HP:0030219
HP:0100543,HP:0031258
HP:0100543,HP:0031987
HP:0100543,HP:0033630
HP:0100543,HP:0033687
HP:0100543,HP:0033688
HP:0100543,HP:0033689
HP:0100543,HP:0033690
HP:0100543,HP:0033691
HP:0100543,HP:0033692
HP:0100543,HP:0100543
HP:0100543,HP:5200044
HP:0100615,HP:0000149
HP:0100615,HP:0006774
HP:0100615,HP:0010618
HP:0100615,HP:0012226
HP:0100615,HP:0025274
HP:0100615,HP:0025318
HP:0100615,HP:0030983
HP:0100615,HP:0031918
HP:0100615,HP:0031919
HP:0100615,HP:0031920
HP:0100615,HP:0100615
HP:0100615,HP:0100621
HP:0100615,HP:6000672
HP:0200141,HP:0200141
HP:6000253,HP:6000253
