sample,HPV,MUT,FGA
TCGA-BA-A6DB-01,HPV_neg,18.0,0.0246
TCGA-BA-A6D8-01,HPV_neg,106.0,0.316
TCGA-CR-5243-01,HPV_pos,55.0,0.247
TCGA-CX-7086-01,HPV_neg,208.0,0.528
TCGA-CV-7416-01,HPV_neg,64.0,0.4904
TCGA-P3-A6SX-01,HPV_neg,151.0,0.381
TCGA-CX-7219-01,HPV_neg,119.0,0.3261
TCGA-QK-A8Z7-01,HPV_neg,134.0,0.4264
TCGA-CN-6022-01,HPV_neg,64.0,0.0999
TCGA-CN-4735-01,HPV_neg,123.0,0.2864
TCGA-CV-5977-01,HPV_neg,70.0,0.3094
TCGA-F7-A623-01,HPV_neg,164.0,0.4198
TCGA-CV-A45Q-01,HPV_neg,250.0,0.1485
TCGA-CR-7367-01,HPV_neg,156.0,0.2035
TCGA-UF-A71E-01,HPV_neg,131.0,0.5862
TCGA-MT-A51W-01,HPV_neg,60.0,0.1729
TCGA-BA-5153-01,HPV_pos,38.0,0.1662
TCGA-CN-6013-01,HPV_neg,171.0,0.2763
TCGA-P3-A6T5-01,HPV_neg,197.0,0.584
TCGA-CV-7429-01,HPV_neg,50.0,0.1421
TCGA-CN-A49C-01,HPV_pos,47.0,0.1279
TCGA-MZ-A5BI-01,HPV_pos,32.0,0.3136
TCGA-CN-A63U-01,HPV_neg,477.0,0.4811
TCGA-CV-7430-01,HPV_neg,96.0,0.3328
TCGA-CV-A6JD-01,HPV_neg,82.0,0.1139
TCGA-CR-5247-01,HPV_neg,67.0,0.5693
TCGA-CN-6995-01,HPV_neg,208.0,0.2863
TCGA-T3-A92N-01,HPV_neg,144.0,0.6137
TCGA-CV-7089-01,HPV_neg,159.0,0.1511
TCGA-QK-A8Z8-01,HPV_neg,346.0,0.2972
TCGA-CV-A45Z-01,HPV_neg,637.0,0.16
TCGA-T2-A6X0-01,HPV_pos,51.0,0.2074
TCGA-CV-6945-01,HPV_neg,123.0,0.3319
TCGA-CV-A6JM-01,HPV_neg,225.0,0.3046
TCGA-P3-A6T7-01,HPV_neg,124.0,0.2731
TCGA-CR-5250-01,HPV_pos,32.0,0.0634
TCGA-CQ-7065-01,HPV_neg,34.0,0.2876
TCGA-CQ-7069-01,HPV_neg,85.0,0.1652
TCGA-QK-A6IG-01,HPV_neg,110.0,0.2171
TCGA-HD-8634-01,HPV_neg,62.0,0.0778
TCGA-CV-5440-01,HPV_neg,101.0,0.6986
TCGA-CQ-7071-01,HPV_neg,420.0,0.001
TCGA-CR-7379-01,HPV_neg,120.0,0.1619
TCGA-TN-A7HL-01,HPV_pos,545.0,0.1645
TCGA-CR-7397-01,HPV_neg,34.0,0.0552
TCGA-H7-7774-01,HPV_neg,135.0,0.094
TCGA-IQ-7630-01,HPV_neg,111.0,0.2336
TCGA-BA-A6DI-01,HPV_neg,93.0,0.1216
TCGA-BA-5151-01,HPV_neg,67.0,0.1237
TCGA-CQ-7068-01,HPV_neg,89.0,0.1123
TCGA-CN-5363-01,HPV_neg,163.0,0.3273
TCGA-T2-A6X2-01,HPV_neg,320.0,0.0806
TCGA-P3-A6SW-01,HPV_pos,86.0,0.1501
TCGA-UF-A7JT-01,HPV_neg,173.0,0.1049
TCGA-CV-5436-01,HPV_neg,88.0,0.3463
TCGA-CR-7376-01,HPV_neg,51.0,0.0129
TCGA-CV-7180-01,HPV_neg,49.0,0.2127
TCGA-HD-7229-01,HPV_neg,152.0,0.2621
TCGA-CV-6938-01,HPV_neg,136.0,0.005
TCGA-F7-A50G-01,HPV_neg,87.0,0.0889
TCGA-CN-6019-01,HPV_neg,124.0,0.0392
TCGA-CV-7095-01,HPV_neg,209.0,0.3012
TCGA-QK-A8ZA-01,HPV_neg,103.0,0.5583
TCGA-CR-7380-01,HPV_neg,85.0,0.2324
TCGA-CQ-A4C6-01,HPV_neg,95.0,0.2501
TCGA-CQ-5329-01,HPV_neg,29.0,0.1229
TCGA-MT-A67F-01,HPV_neg,279.0,0.0132
TCGA-CR-6481-01,HPV_pos,429.0,0.0501
TCGA-CV-7254-01,HPV_neg,255.0,0.4541
TCGA-CQ-5333-01,HPV_neg,181.0,0.0004
TCGA-CV-A45R-01,HPV_neg,79.0,0.3399
TCGA-BA-A6DL-01,HPV_neg,80.0,0.244
TCGA-CV-7410-01,HPV_neg,37.0,0.0
TCGA-CV-6951-01,HPV_neg,127.0,0.4094
TCGA-CV-5439-01,HPV_neg,96.0,0.2599
TCGA-RS-A6TO-01,HPV_neg,144.0,0.1907
TCGA-CQ-6218-01,HPV_neg,114.0,0.1608
TCGA-CR-7369-01,HPV_pos,66.0,0.2924
TCGA-CV-A45U-01,HPV_neg,174.0,0.3169
TCGA-BA-6871-01,HPV_neg,124.0,0.6156
TCGA-CN-4741-01,HPV_pos,112.0,0.1216
TCGA-BA-4074-01,HPV_neg,128.0,0.3538
TCGA-CN-4731-01,HPV_neg,97.0,0.2947
TCGA-CN-A642-01,HPV_neg,74.0,0.0824
TCGA-D6-6517-01,HPV_neg,63.0,0.2155
TCGA-IQ-A61E-01,HPV_neg,158.0,0.1543
TCGA-HD-7753-01,HPV_neg,93.0,0.6883
TCGA-UF-A7JA-01,HPV_neg,193.0,0.181
TCGA-D6-A6ES-01,HPV_neg,172.0,0.2554
TCGA-BA-A4IG-01,HPV_pos,107.0,0.2929
TCGA-CR-6492-01,HPV_neg,50.0,0.0001
TCGA-BB-4224-01,HPV_neg,73.0,0.4213
TCGA-F7-A61S-01,HPV_neg,90.0,0.1578
TCGA-CN-6989-01,HPV_neg,88.0,0.3249
TCGA-BB-8596-01,HPV_neg,72.0,0.0938
TCGA-CV-7103-01,HPV_neg,74.0,0.348
TCGA-KU-A6H7-01,HPV_pos,137.0,0.2291
TCGA-D6-8569-01,HPV_neg,113.0,0.1953
TCGA-CQ-5330-01,HPV_neg,58.0,0.1885
TCGA-CR-6484-01,HPV_neg,224.0,0.1514
TCGA-CR-6472-01,HPV_pos,422.0,0.3447
TCGA-CV-A463-01,HPV_neg,185.0,0.1438
TCGA-UF-A7JH-01,HPV_neg,65.0,0.5358
TCGA-HD-8314-01,HPV_pos,62.0,0.2801
TCGA-CN-4736-01,HPV_neg,90.0,0.196
TCGA-QK-A8ZB-01,HPV_neg,91.0,0.2888
TCGA-CR-7383-01,HPV_neg,104.0,0.3844
TCGA-CV-7440-01,HPV_neg,199.0,0.2416
TCGA-CN-4733-01,HPV_neg,23.0,0.0
TCGA-BA-6870-01,HPV_neg,83.0,0.3398
TCGA-CN-A498-01,HPV_neg,108.0,0.2341
TCGA-BA-6872-01,HPV_neg,158.0,0.374
TCGA-CV-A6K2-01,HPV_neg,586.0,0.0051
TCGA-BA-4076-01,HPV_neg,295.0,0.3845
TCGA-CV-7418-01,HPV_neg,147.0,0.4307
TCGA-CR-6470-01,HPV_pos,36.0,0.1775
TCGA-CQ-6227-01,HPV_neg,50.0,0.1945
TCGA-WA-A7GZ-01,HPV_neg,183.0,0.2798
TCGA-BA-A6DA-01,HPV_neg,615.0,0.2383
TCGA-P3-A6T8-01,HPV_neg,82.0,0.315
TCGA-CN-4729-01,HPV_neg,119.0,0.2879
TCGA-KU-A66S-01,HPV_neg,477.0,0.082
TCGA-CN-5359-01,HPV_neg,132.0,0.0897
TCGA-CV-7434-01,HPV_neg,83.0,0.2889
TCGA-CN-A6V6-01,HPV_pos,62.0,0.3171
TCGA-CV-7248-01,HPV_neg,266.0,0.113
TCGA-F7-A620-01,HPV_neg,47.0,0.1364
TCGA-BB-4227-01,HPV_neg,202.0,0.3874
TCGA-CV-7421-01,HPV_neg,160.0,0.3867
TCGA-QK-A6VC-01,HPV_neg,178.0,0.0732
TCGA-CR-7365-01,HPV_neg,146.0,0.2677
TCGA-IQ-A61G-01,HPV_neg,121.0,0.5367
TCGA-CR-6467-01,HPV_pos,34.0,0.451
TCGA-CN-5358-01,HPV_neg,35.0,0.0018
TCGA-CV-5970-01,HPV_pos,164.0,0.2467
TCGA-P3-A6T4-01,HPV_neg,121.0,0.4418
TCGA-CN-5366-01,HPV_neg,91.0,0.2376
TCGA-CV-7433-01,HPV_neg,106.0,0.0344
TCGA-D6-A6EO-01,HPV_neg,79.0,0.3017
TCGA-QK-A6IF-01,HPV_pos,23.0,0.1406
TCGA-CV-7178-01,HPV_neg,112.0,0.2657
TCGA-F7-7848-01,HPV_neg,282.0,0.399
TCGA-CN-6016-01,HPV_neg,105.0,0.1403
TCGA-CV-7425-01,HPV_neg,102.0,0.0456
TCGA-CV-6933-01,HPV_neg,144.0,0.4379
TCGA-P3-A5QE-01,HPV_pos,34.0,0.1859
TCGA-BA-A6DJ-01,HPV_neg,232.0,0.0785
TCGA-CN-6024-01,HPV_neg,129.0,0.5433
TCGA-UP-A6WW-01,HPV_pos,36.0,0.2452
TCGA-UF-A7JV-01,HPV_neg,68.0,0.1025
TCGA-C9-A480-01,HPV_neg,41.0,0.1993
TCGA-CR-7385-01,HPV_pos,118.0,0.131
TCGA-UF-A7JS-01,HPV_neg,58.0,0.3547
TCGA-TN-A7HJ-01,HPV_neg,104.0,0.2009
TCGA-P3-A6T6-01,HPV_pos,106.0,0.2467
TCGA-CV-5441-01,HPV_neg,336.0,0.2079
TCGA-CV-A461-01,HPV_neg,530.0,0.2506
TCGA-CN-6012-01,HPV_neg,109.0,0.4471
TCGA-CN-4730-01,HPV_neg,143.0,0.353
TCGA-P3-A6T0-01,HPV_neg,78.0,0.0691
TCGA-H7-8501-01,HPV_neg,136.0,0.064
TCGA-CN-5355-01,HPV_neg,95.0,0.2288
TCGA-HD-A4C1-01,HPV_neg,174.0,0.0277
TCGA-CV-6943-01,HPV_neg,71.0,0.0
TCGA-CV-7236-01,HPV_neg,37.0,0.048
TCGA-CV-6941-01,HPV_neg,146.0,0.3856
TCGA-CN-6996-01,HPV_neg,49.0,0.1769
TCGA-CV-5434-01,HPV_neg,131.0,0.7048
TCGA-CX-A4AQ-01,HPV_neg,92.0,0.238
TCGA-P3-A5Q6-01,HPV_neg,108.0,0.2121
TCGA-CR-6477-01,HPV_neg,73.0,0.2852
TCGA-KU-A66T-01,HPV_neg,95.0,0.6284
TCGA-CV-6003-01,HPV_neg,94.0,0.331
TCGA-CN-A63V-01,HPV_neg,77.0,0.0008
TCGA-CV-A6JT-01,HPV_neg,46.0,0.1937
TCGA-HD-8635-01,HPV_neg,180.0,0.3144
TCGA-CQ-5326-01,HPV_neg,181.0,0.1624
TCGA-CN-A6V3-01,HPV_neg,204.0,0.2037
TCGA-CQ-5331-01,HPV_neg,127.0,0.0265
TCGA-CR-7377-01,HPV_neg,103.0,0.0092
TCGA-IQ-A61I-01,HPV_pos,115.0,0.2101
TCGA-D6-A6EP-01,HPV_neg,106.0,0.5413
TCGA-CV-7097-01,HPV_neg,107.0,0.1773
TCGA-CV-6940-01,HPV_neg,123.0,0.4675
TCGA-CR-7364-01,HPV_neg,419.0,0.2932
TCGA-T3-A92M-01,HPV_neg,314.0,0.4339
TCGA-CV-6954-01,HPV_neg,125.0,0.3989
TCGA-QK-AA3K-01,HPV_neg,87.0,0.1746
TCGA-CN-4737-01,HPV_neg,34.0,0.5123
TCGA-QK-A6IH-01,HPV_neg,64.0,0.3592
TCGA-F7-A61V-01,HPV_neg,95.0,0.1758
TCGA-MT-A51X-01,HPV_neg,47.0,0.2533
TCGA-BA-5555-01,HPV_neg,129.0,0.5479
TCGA-CR-7392-01,HPV_neg,23.0,0.0238
TCGA-QK-AA3J-01,HPV_neg,101.0,0.3387
TCGA-HD-A634-01,HPV_pos,37.0,0.1289
TCGA-CV-5430-01,HPV_neg,125.0,0.4336
TCGA-CQ-A4CE-01,HPV_neg,61.0,0.0814
TCGA-HD-8224-01,HPV_neg,74.0,0.4096
TCGA-CV-5966-01,HPV_neg,99.0,0.2279
TCGA-CN-A6V7-01,HPV_pos,42.0,0.2408
TCGA-DQ-5629-01,HPV_neg,288.0,0.5949
TCGA-CN-6994-01,HPV_neg,106.0,0.3253
TCGA-CQ-6228-01,HPV_neg,104.0,0.3456
TCGA-CV-6934-01,HPV_neg,83.0,0.1792
TCGA-P3-A6T3-01,HPV_neg,96.0,0.4518
TCGA-CV-5435-01,HPV_neg,101.0,0.3332
TCGA-DQ-5624-01,HPV_neg,82.0,0.2012
TCGA-CV-5979-01,HPV_neg,30.0,0.2397
TCGA-BA-5559-01,HPV_pos,65.0,0.2983
TCGA-DQ-5625-01,HPV_neg,175.0,0.0713
TCGA-CN-4725-01,HPV_neg,49.0,0.459
TCGA-CN-4740-01,HPV_neg,127.0,0.0905
TCGA-CQ-A4C9-01,HPV_neg,83.0,0.339
TCGA-BB-7870-01,HPV_neg,256.0,0.2445
TCGA-CV-6961-01,HPV_pos,500.0,0.2411
TCGA-HD-7831-01,HPV_neg,34.0,0.1615
TCGA-CN-5367-01,HPV_neg,91.0,0.3108
TCGA-CQ-5334-01,HPV_neg,167.0,0.0981
TCGA-BA-5557-01,HPV_neg,38.0,0.1165
TCGA-CN-4728-01,HPV_neg,112.0,0.0739
TCGA-CV-6959-01,HPV_neg,54.0,0.1605
TCGA-BB-A5HU-01,HPV_neg,156.0,0.2682
TCGA-MT-A67D-01,HPV_neg,84.0,0.2075
TCGA-UF-A7JO-01,HPV_neg,154.0,0.0568
TCGA-CR-7373-01,HPV_neg,97.0,0.1516
TCGA-BB-4223-01,HPV_pos,178.0,0.2909
TCGA-CV-A45O-01,HPV_neg,139.0,0.0005
TCGA-P3-A5QA-01,HPV_neg,65.0,0.2479
TCGA-QK-A6IJ-01,HPV_neg,59.0,0.1438
TCGA-CR-7389-01,HPV_neg,109.0,0.1658
TCGA-CV-7424-01,HPV_neg,169.0,0.411
TCGA-IQ-A6SH-01,HPV_neg,63.0,0.2993
TCGA-P3-A5Q5-01,HPV_pos,248.0,0.0636
TCGA-CN-6023-01,HPV_neg,101.0,0.1986
TCGA-CR-6473-01,HPV_pos,87.0,0.3095
TCGA-D6-6516-01,HPV_neg,1523.0,0.2259
TCGA-CV-7247-01,HPV_neg,80.0,0.3738
TCGA-P3-A5QF-01,HPV_pos,329.0,0.1541
TCGA-CV-7261-01,HPV_neg,173.0,0.4758
TCGA-IQ-A61H-01,HPV_neg,128.0,0.2847
TCGA-HD-A6HZ-01,HPV_neg,71.0,0.2109
TCGA-UF-A718-01,HPV_neg,53.0,0.3409
TCGA-CV-6953-01,HPV_neg,150.0,0.0915
TCGA-CV-A6JN-01,HPV_neg,68.0,0.1717
TCGA-CN-A49B-01,HPV_pos,89.0,0.3023
TCGA-CR-7386-01,HPV_neg,157.0,0.0991
TCGA-CV-5443-01,HPV_pos,48.0,0.0908
TCGA-CR-7368-01,HPV_pos,190.0,0.2544
TCGA-CR-7395-01,HPV_neg,143.0,0.0136
TCGA-BA-6868-01,HPV_neg,139.0,0.3255
TCGA-F7-8489-01,HPV_neg,124.0,0.0176
TCGA-BA-A4II-01,HPV_neg,90.0,0.1109
TCGA-D6-A6EK-01,HPV_neg,155.0,0.1087
TCGA-P3-A6T2-01,HPV_neg,46.0,0.2051
TCGA-QK-A652-01,HPV_neg,45.0,0.1815
TCGA-BB-A6UM-01,HPV_pos,56.0,0.1556
TCGA-UF-A7JJ-01,HPV_neg,80.0,0.0709
TCGA-BB-A6UO-01,HPV_neg,101.0,0.2414
TCGA-CV-A45X-01,HPV_neg,91.0,0.2519
TCGA-CN-6988-01,HPV_neg,179.0,0.5143
TCGA-CV-A6K0-01,HPV_neg,14.0,0.0033
TCGA-CN-5373-01,HPV_neg,128.0,0.1594
TCGA-D6-A4ZB-01,HPV_neg,162.0,0.1811
TCGA-CQ-6229-01,HPV_neg,26.0,0.0253
TCGA-CQ-7063-01,HPV_neg,122.0,0.0656
TCGA-D6-A6EM-01,HPV_neg,89.0,0.1246
TCGA-CV-7235-01,HPV_neg,120.0,0.525
TCGA-CV-5978-01,HPV_neg,158.0,0.348
TCGA-D6-6515-01,HPV_neg,42.0,0.0001
TCGA-DQ-7591-01,HPV_pos,34.0,0.199
TCGA-RS-A6TP-01,HPV_pos,106.0,0.101
TCGA-CV-6935-01,HPV_neg,202.0,0.4128
TCGA-CQ-5325-01,HPV_neg,52.0,0.005
TCGA-DQ-7596-01,HPV_pos,30.0,0.1797
TCGA-DQ-5631-01,HPV_neg,75.0,0.4958
TCGA-KU-A6H8-01,HPV_neg,22.0,0.001
TCGA-CR-7374-01,HPV_neg,315.0,0.479
TCGA-CV-7243-01,HPV_neg,94.0,0.4589
TCGA-MT-A67A-01,HPV_neg,101.0,0.1969
TCGA-CQ-5324-01,HPV_neg,66.0,0.011
TCGA-CN-6020-01,HPV_neg,127.0,0.1576
TCGA-BA-5152-01,HPV_neg,436.0,0.1818
TCGA-CV-7422-01,HPV_neg,122.0,0.0506
TCGA-CV-6441-01,HPV_neg,200.0,0.2755
TCGA-CV-7438-01,HPV_neg,89.0,0.1335
TCGA-UF-A71B-01,HPV_neg,127.0,0.3212
TCGA-CN-6998-01,HPV_neg,64.0,0.1345
TCGA-CR-6471-01,HPV_pos,112.0,0.1235
TCGA-QK-A6II-01,HPV_neg,156.0,0.0945
TCGA-CR-5249-01,HPV_pos,24.0,0.0787
TCGA-MZ-A6I9-01,HPV_pos,32.0,0.1735
TCGA-CV-7177-01,HPV_neg,97.0,0.3302
TCGA-DQ-5630-01,HPV_neg,62.0,0.0154
TCGA-CR-6487-01,HPV_pos,119.0,0.2285
TCGA-CR-7388-01,HPV_neg,702.0,0.1637
TCGA-BA-5149-01,HPV_neg,108.0,0.3454
TCGA-BB-A5HZ-01,HPV_neg,59.0,0.1401
TCGA-CN-6992-01,HPV_neg,315.0,0.4104
TCGA-CV-7245-01,HPV_neg,465.0,0.5777
TCGA-CV-A45Y-01,HPV_neg,64.0,0.0576
TCGA-TN-A7HI-01,HPV_pos,50.0,0.774
TCGA-CV-7407-01,HPV_neg,106.0,0.3592
TCGA-CV-7435-01,HPV_neg,79.0,0.3433
TCGA-QK-A6V9-01,HPV_pos,60.0,0.2659
TCGA-UF-A7JK-01,HPV_neg,89.0,0.5789
TCGA-CQ-A4CG-01,HPV_neg,66.0,0.2261
TCGA-CV-5442-01,HPV_pos,224.0,0.7226
TCGA-D6-6825-01,HPV_neg,65.0,0.223
TCGA-CV-6962-01,HPV_neg,138.0,0.8305
TCGA-CR-7399-01,HPV_neg,287.0,0.5968
TCGA-CN-6997-01,HPV_neg,197.0,0.7999
TCGA-F7-8298-01,HPV_neg,87.0,0.235
TCGA-CN-5370-01,HPV_neg,100.0,0.1292
TCGA-CV-6937-01,HPV_neg,146.0,0.3247
TCGA-CV-A6JU-01,HPV_neg,117.0,0.2905
TCGA-CV-A6K1-01,HPV_neg,454.0,0.1285
TCGA-CV-7253-01,HPV_neg,169.0,0.2475
TCGA-CV-A45W-01,HPV_neg,556.0,0.2211
TCGA-UF-A71A-01,HPV_neg,168.0,0.6276
TCGA-CR-6478-01,HPV_neg,91.0,0.1351
TCGA-CR-7402-01,HPV_neg,915.0,0.2517
TCGA-QK-A6VB-01,HPV_neg,420.0,0.5754
TCGA-CR-7391-01,HPV_neg,28.0,0.0001
TCGA-CV-A6JE-01,HPV_neg,119.0,0.3677
TCGA-IQ-A61J-01,HPV_neg,34.0,0.3108
TCGA-UF-A7JC-01,HPV_neg,53.0,0.2157
TCGA-CR-6493-01,HPV_neg,34.0,0.2889
TCGA-CV-6950-01,HPV_neg,59.0,0.4599
TCGA-CQ-A4CH-01,HPV_neg,22.0,0.0008
TCGA-CN-A63W-01,HPV_neg,347.0,0.3791
TCGA-CN-5356-01,HPV_neg,317.0,0.1952
TCGA-BA-A6DG-01,HPV_neg,20.0,0.0038
TCGA-CV-6955-01,HPV_neg,99.0,0.0066
TCGA-CV-7099-01,HPV_neg,266.0,0.1744
TCGA-CN-A49A-01,HPV_pos,105.0,0.4892
TCGA-CV-6433-01,HPV_pos,46.0,0.2456
TCGA-CV-7437-01,HPV_neg,118.0,0.4746
TCGA-CV-A465-01,HPV_neg,33.0,0.3791
TCGA-CN-4738-01,HPV_neg,80.0,0.0323
TCGA-CR-7370-01,HPV_neg,465.0,0.6178
TCGA-UF-A7JF-01,HPV_neg,89.0,0.3616
TCGA-CN-A641-01,HPV_neg,183.0,0.2637
TCGA-CV-6939-01,HPV_pos,38.0,0.0938
TCGA-CV-7101-01,HPV_neg,186.0,0.3809
TCGA-CN-A6V1-01,HPV_pos,226.0,0.0001
TCGA-BB-8601-01,HPV_neg,55.0,0.6811
TCGA-D6-A74Q-01,HPV_neg,370.0,0.2724
TCGA-CV-A468-01,HPV_neg,338.0,0.0001
TCGA-CN-4727-01,HPV_neg,385.0,0.3556
TCGA-CQ-7072-01,HPV_neg,115.0,0.4041
TCGA-CN-A499-01,HPV_pos,37.0,0.1901
TCGA-CV-6956-01,HPV_neg,153.0,0.2451
TCGA-CV-7242-01,HPV_neg,300.0,0.2875
TCGA-CQ-A4CI-01,HPV_neg,91.0,0.5465
TCGA-IQ-A61O-01,HPV_neg,33.0,0.2394
TCGA-D6-A6EN-01,HPV_neg,89.0,0.0848
TCGA-CV-7102-01,HPV_neg,170.0,0.4787
TCGA-CV-7100-01,HPV_pos,32.0,0.1957
TCGA-QK-A8Z9-01,HPV_neg,102.0,0.5697
TCGA-T2-A6WZ-01,HPV_neg,84.0,0.4796
TCGA-CV-7252-01,HPV_neg,230.0,0.1167
TCGA-D6-6827-01,HPV_neg,16.0,0.2221
TCGA-CV-A464-01,HPV_neg,19.0,0.1583
TCGA-BA-A6DD-01,HPV_neg,53.0,0.0949
TCGA-4P-AA8J-01,HPV_neg,111.0,0.1796
TCGA-DQ-7588-01,HPV_neg,91.0,0.2885
TCGA-BB-A5HY-01,HPV_neg,187.0,0.5991
TCGA-BA-7269-01,HPV_neg,79.0,0.5872
TCGA-BA-6869-01,HPV_pos,427.0,0.1887
TCGA-CN-5369-01,HPV_neg,407.0,0.0005
TCGA-CV-5432-01,HPV_neg,240.0,0.4216
TCGA-CV-7427-01,HPV_neg,396.0,0.0895
TCGA-CR-6480-01,HPV_pos,88.0,0.1315
TCGA-CN-A497-01,HPV_neg,316.0,0.2546
TCGA-CV-7183-01,HPV_neg,53.0,0.0005
TCGA-CV-A45T-01,HPV_neg,11.0,0.0
TCGA-CN-4742-01,HPV_neg,65.0,0.2166
TCGA-CV-6952-01,HPV_neg,150.0,0.1629
TCGA-CQ-5323-01,HPV_pos,57.0,0.2439
TCGA-CV-5976-01,HPV_neg,65.0,0.2357
TCGA-CN-6018-01,HPV_neg,97.0,0.1026
TCGA-CV-7091-01,HPV_neg,144.0,0.563
TCGA-QK-A64Z-01,HPV_neg,68.0,0.2322
TCGA-HD-7832-01,HPV_pos,83.0,0.2117
TCGA-H7-A6C4-01,HPV_neg,33.0,0.1181
TCGA-CR-7401-01,HPV_neg,66.0,0.1246
TCGA-HD-7754-01,HPV_pos,49.0,0.1182
TCGA-CV-5973-01,HPV_neg,47.0,0.5004
TCGA-CR-7382-01,HPV_neg,78.0,0.0377
TCGA-BA-5556-01,HPV_neg,126.0,0.0485
TCGA-CV-5444-01,HPV_neg,110.0,0.346
TCGA-D6-6823-01,HPV_neg,153.0,0.2858
TCGA-UF-A719-01,HPV_neg,101.0,0.64
TCGA-CN-4739-01,HPV_neg,186.0,0.2445
TCGA-CV-A45V-01,HPV_neg,94.0,0.0552
TCGA-CR-6491-01,HPV_neg,116.0,0.283
TCGA-BB-4228-01,HPV_pos,35.0,0.1663
TCGA-CV-7090-01,HPV_neg,72.0,0.2892
TCGA-CN-6017-01,HPV_neg,2.0,0.0001
TCGA-CQ-5327-01,HPV_neg,202.0,0.0138
TCGA-CV-7250-01,HPV_neg,245.0,0.2094
TCGA-BA-6873-01,HPV_neg,58.0,0.1428
TCGA-CR-6482-01,HPV_pos,35.0,0.1223
TCGA-CV-7238-01,HPV_neg,137.0,0.0359
TCGA-CX-7085-01,HPV_neg,129.0,0.0001
TCGA-CV-A460-01,HPV_neg,64.0,0.3233
TCGA-CV-6960-01,HPV_neg,159.0,0.3291
TCGA-CV-A6JO-01,HPV_neg,68.0,0.0657
TCGA-HD-A633-01,HPV_pos,121.0,0.2835
TCGA-CQ-A4CD-01,HPV_neg,143.0,0.2614
TCGA-CV-A45P-01,HPV_neg,143.0,0.0498
TCGA-CQ-6223-01,HPV_neg,95.0,0.1507
TCGA-CR-5248-01,HPV_pos,320.0,0.2291
TCGA-CV-7432-01,HPV_neg,135.0,0.1877
TCGA-CR-7372-01,HPV_neg,44.0,0.1459
TCGA-DQ-7592-01,HPV_neg,66.0,0.5117
TCGA-CQ-5332-01,HPV_neg,132.0,0.3611
TCGA-CV-6948-01,HPV_neg,175.0,0.4042
TCGA-BA-A8YP-01,HPV_neg,132.0,0.6997
TCGA-BA-4078-01,HPV_neg,381.0,0.8913
TCGA-BA-A4IH-01,HPV_pos,44.0,0.2767
TCGA-CQ-6224-01,HPV_neg,53.0,0.245
TCGA-UF-A7JD-01,HPV_neg,98.0,0.3036
TCGA-H7-A76A-01,HPV_pos,62.0,0.1084
TCGA-CN-5364-01,HPV_neg,129.0,0.1862
TCGA-CV-7104-01,HPV_neg,121.0,0.2764
TCGA-MZ-A7D7-01,HPV_neg,129.0,0.3913
TCGA-CV-7255-01,HPV_neg,102.0,0.3032
TCGA-CV-7411-01,HPV_neg,106.0,0.0002
TCGA-CN-6021-01,HPV_neg,258.0,0.3948
TCGA-D6-A4Z9-01,HPV_neg,78.0,0.2597
TCGA-CN-6010-01,HPV_neg,1666.0,0.3306
TCGA-CN-4726-01,HPV_neg,54.0,0.211
TCGA-D6-8568-01,HPV_neg,100.0,0.2938
TCGA-CN-5374-01,HPV_pos,132.0,0.2205
TCGA-F7-A50I-01,HPV_neg,128.0,0.3358
TCGA-BB-4225-01,HPV_pos,55.0,0.3138
TCGA-CV-6936-01,HPV_neg,268.0,0.3578
TCGA-CR-7394-01,HPV_neg,139.0,0.0001
TCGA-CV-5971-01,HPV_pos,15.0,0.0007
TCGA-CV-7263-01,HPV_neg,116.0,0.2066
TCGA-F7-A61W-01,HPV_neg,58.0,0.2286
TCGA-CV-7413-01,HPV_neg,67.0,0.2974
TCGA-CR-7371-01,HPV_neg,287.0,0.1991
TCGA-BA-5558-01,HPV_neg,126.0,0.2506
TCGA-CN-A63T-01,HPV_neg,220.0,0.2206
TCGA-CN-5365-01,HPV_neg,70.0,0.1416
TCGA-CV-6942-01,HPV_neg,208.0,0.1333
TCGA-CR-7390-01,HPV_neg,143.0,0.3645
TCGA-CV-7406-01,HPV_pos,169.0,0.2822
TCGA-F7-A622-01,HPV_neg,53.0,0.2958
TCGA-CQ-6220-01,HPV_neg,99.0,0.3463
TCGA-CV-6436-01,HPV_neg,67.0,0.0485
TCGA-CR-7398-01,HPV_neg,344.0,0.4782
TCGA-D6-A6EQ-01,HPV_neg,79.0,0.2528
TCGA-T2-A6WX-01,HPV_neg,174.0,0.1121
TCGA-D6-6824-01,HPV_neg,48.0,0.0
TCGA-D6-6826-01,HPV_neg,90.0,0.17
TCGA-CV-A6JY-01,HPV_neg,83.0,0.0473
TCGA-CQ-A4CB-01,HPV_neg,90.0,0.2187
TCGA-WA-A7H4-01,HPV_neg,62.0,0.0084
TCGA-UF-A71D-01,HPV_neg,385.0,0.3085
TCGA-CN-A6UY-01,HPV_pos,30.0,0.185
TCGA-CN-5360-01,HPV_neg,463.0,0.5
TCGA-CV-7423-01,HPV_neg,64.0,0.4833
TCGA-CR-7404-01,HPV_pos,108.0,0.1882
TCGA-CV-7415-01,HPV_neg,224.0,0.3208
TCGA-UF-A7J9-01,HPV_neg,223.0,0.3349
TCGA-CN-4723-01,HPV_neg,742.0,0.2561
TCGA-BA-A4IF-01,HPV_pos,89.0,0.2665
TCGA-CR-6474-01,HPV_neg,90.0,0.287
TCGA-C9-A47Z-01,HPV_neg,90.0,0.1739
TCGA-CV-A6JZ-01,HPV_neg,96.0,0.1668
TCGA-HD-A6I0-01,HPV_neg,66.0,0.2201
TCGA-BA-A6DE-01,HPV_neg,107.0,0.378
TCGA-IQ-A6SG-01,HPV_neg,89.0,0.4185
TCGA-F7-A50J-01,HPV_neg,147.0,0.2063
TCGA-CN-6011-01,HPV_neg,320.0,0.442
TCGA-DQ-7593-01,HPV_pos,23.0,0.1207
TCGA-IQ-7632-01,HPV_neg,55.0,0.0083
TCGA-CR-6488-01,HPV_neg,35.0,0.2558
TCGA-MT-A7BN-01,HPV_neg,56.0,0.5624
TCGA-CV-7414-01,HPV_neg,231.0,0.3305
TCGA-BB-4217-01,HPV_neg,27.0,0.0018
TCGA-F7-A624-01,HPV_neg,2748.0,0.0972
TCGA-CQ-6225-01,HPV_neg,134.0,0.6841
