dismech_name	source	file	review_title	orientation	n_pmid	min_pmid	url
Acute Lymphoblastic Leukemia	KB	Acute_Lymphoblastic_Leukemia.yaml	Blinatumomab in the Treatment of B-cell Acute Lymphoblastic Leukemia: A Comprehensive Review of Clinical Applications and Outcomes	CLINICAL	6	40009490	https://www.sciqst.com/reviews/ZPUJHiS4jPec
Acute Lymphoblastic Leukemia	KB	Acute_Lymphoblastic_Leukemia.yaml	Innovative Treatment Strategies for Philadelphia Chromosome-Positive Acute Lymphoblastic Leukemia: Insights from the GIMEMA ALL2820 Trial	CLINICAL	2	41405203	https://www.sciqst.com/reviews/xuUfiYCeGCrZ
Acute Respiratory Distress Syndrome	KB	Acute_Respiratory_Distress_Syndrome.yaml	Optimizing Ventilator Management in Acute Respiratory Distress Syndrome: A Comprehensive Review	CLINICAL	8	39774358	https://www.sciqst.com/reviews/PLYWAhti4IQ5
Acute Respiratory Distress Syndrome	KB	Acute_Respiratory_Distress_Syndrome.yaml	Permissive Hypercapnia: A Critical Ventilatory Strategy for Managing Acute Respiratory Distress Syndrome and Beyond	DESCRIPTIVE	7	37511692	https://www.sciqst.com/reviews/Xf6XHAHt0tfZ
Acute Respiratory Distress Syndrome	KB	Acute_Respiratory_Distress_Syndrome.yaml	Recent Advances in Acute Respiratory Distress Syndrome (ARDS) Management: A Comprehensive Review	CLINICAL	8	28722933	https://www.sciqst.com/reviews/s571WfEFVzQm
Age Related Macular Degeneration	KB	Age_Related_Macular_Degeneration.yaml	Comparative Efficacy and Treatment Outcomes of Faricimab Versus Aflibercept in Diabetic Macular Edema and Neovascular Age-related Macular Degeneration	CLINICAL	6	36532820	https://www.sciqst.com/reviews/9VJz2K08rURd
Alcoholic Liver Disease	KB	Alcoholic_Liver_Disease.yaml	Potential of Natural Agents in the Management of Alcoholic Liver Disease	CLINICAL	11	41154028	https://www.sciqst.com/reviews/302QtKtRvNWM
Anaplastic Large Cell Lymphoma	KB	Anaplastic_Large_Cell_Lymphoma.yaml	**Current Insights and Diagnostic Advances in Anaplastic Large-Cell Lymphoma (ALCL): A Brief Review**	DESCRIPTIVE	8	38175372	https://www.sciqst.com/reviews/n1rvamSPWz_e
Anaplastic Large Cell Lymphoma	KB	Anaplastic_Large_Cell_Lymphoma.yaml	A Brief Review on the Potential Relationship Between Anaplastic Large-Cell Lymphoma and Psoriasis	DESCRIPTIVE	4	12771475	https://www.sciqst.com/reviews/-CZwQVxz22i3
Anaplastic Large Cell Lymphoma	KB	Anaplastic_Large_Cell_Lymphoma.yaml	The Role of PET Scans and Bone Marrow Biopsies in the Staging and Prognosis of Anaplastic Large Cell Lymphoma	CLINICAL	7	22508369	https://www.sciqst.com/reviews/hnC-zHHgLtc1
Angelman Syndrome	KB	Angelman_Syndrome.yaml	Exploring Electroencephalograms as Potential Biomarkers and Therapeutic Assesment Tools for Angelman Syndrome: A Brief Review	CLINICAL	4	31503547	https://www.sciqst.com/reviews/00KjqltV2Nuo
Angiosarcoma	KB	Angiosarcoma.yaml	Angiosarcoma: Insights into Epidemiology, Biomarkers, and Rare Manifestations	DESCRIPTIVE	7	31335054	https://www.sciqst.com/reviews/X4nbdkCJ1-pj
Ankylosing Spondylitis	KB	Ankylosing_Spondylitis.yaml	The Role of COX-2 Inhibitors in the Management of Ankylosing Spondylitis: A Flexible Approach	CLINICAL	6	15818702	https://www.sciqst.com/reviews/aaf1L0ZjTgQw
Antiphospholipid Syndrome	KB	Antiphospholipid_Syndrome.yaml	Advances in the Evaluation of Antiphospholipid Syndrome: Diagnostic Challenges and Innovations	DESCRIPTIVE	8	41596541	https://www.sciqst.com/reviews/K8pVQNOLPTQN
Atopic Dermatitis	KB	Atopic_Dermatitis.yaml	Exploring Oral Repurposed and Natural Agents for the Management of Atopic Dermatitis	CLINICAL	11	35830757	https://www.sciqst.com/reviews/5Dzx4N8FpPmD
Atopic Dermatitis	KB	Atopic_Dermatitis.yaml	The Comorbidities of Atopic Dermatitis: A Comprehensive Review	DESCRIPTIVE	10	38169580	https://www.sciqst.com/reviews/JyjF2XiMC43s
Atrial Fibrillation	KB	Atrial_Fibrillation.yaml	A Brief Review on Omega-3 Supplementation and its Effects on Atrial Fibrillation Risk: Complexities and Controversies	DESCRIPTIVE	9	18309477	https://www.sciqst.com/reviews/8eUOiM04ymvh
Atrial Fibrillation	KB	Atrial_Fibrillation.yaml	A Brief Review on the Correlation between Omega-3 Fatty Acid Intake and Risk of Atrial Fibrillation.	DESCRIPTIVE	6	27884760	https://www.sciqst.com/reviews/NoaZXhZaG8UK
Atrial Fibrillation	KB	Atrial_Fibrillation.yaml	A Brief Review on the Influence of Omega-3 Fatty Acids on Atrial Fibrillation	DESCRIPTIVE	7	33693794	https://www.sciqst.com/reviews/S0Dv5P6tpt2o
Atrial Fibrillation	KB	Atrial_Fibrillation.yaml	Advances in Anticoagulation Strategies for Stroke Prevention in Atrial Fibrillation Patients	DESCRIPTIVE	8	40627071	https://www.sciqst.com/reviews/STkgtp_kLEWm
Atrial Fibrillation	KB	Atrial_Fibrillation.yaml	Brief Review of Echocardiographic Predictors for the First Onset of Atrial Fibrillation	DESCRIPTIVE	7	26107641	https://www.sciqst.com/reviews/jnr2MWiH1xxl
Atrial Fibrillation	KB	Atrial_Fibrillation.yaml	Comparative Efficacy and Safety of Apixaban Versus Rivaroxaban in Atrial Fibrillation Management: Insights and Implications	CLINICAL	6	38387539	https://www.sciqst.com/reviews/c-PG7TyQqwB7
Atrial Fibrillation	KB	Atrial_Fibrillation.yaml	Comprehensive Evaluation of Atrial Fibrillation Burden: Methods and Tools	DESCRIPTIVE	7	38334830	https://www.sciqst.com/reviews/5EuUZVOo343u
Atrial Fibrillation	KB	Atrial_Fibrillation.yaml	Innovations and Strategies in Atrial Fibrillation Ablation: Enhancing Patient Outcomes and Procedure Efficiency	CLINICAL	5	41472872	https://www.sciqst.com/reviews/h2OPYOUws9BV
Atrial Fibrillation	KB	Atrial_Fibrillation.yaml	Optimal NOAC Selection for Elderly Frail Patients with Atrial Fibrillation: A Comprehensive Review	DESCRIPTIVE	9	36672639	https://www.sciqst.com/reviews/XBiwnyGas1Iw
Atrial Fibrillation	KB	Atrial_Fibrillation.yaml	The Impact of Atrial Fibrillation on Brain Health: Stroke Risk, Cognitive Decline, and Neurological Complications	DESCRIPTIVE	13	39025051	https://www.sciqst.com/reviews/FsAUpuhLvms7
Atrial Septal Defect	KB	Atrial_Septal_Defect.yaml	Management of Atrial Septal Defect, Pulmonary Arterial Hypertension, and Lung Disease: A Comprehensive Review	CLINICAL	8	15364856	https://www.sciqst.com/reviews/SjFA1K2QVXK4
Attention Deficit-Hyperactivity Disorder	KB	Attention_Deficit-Hyperactivity_Disorder.yaml	A Comprehensive Review of Attention Deficit Hyperactivity Disorder Insights into Diagnosis, Pathophysiology, and Management Strategies	MIXED	9	40940749	https://www.sciqst.com/reviews/_XFAg44vCT5w
Attention Deficit-Hyperactivity Disorder	KB	Attention_Deficit-Hyperactivity_Disorder.yaml	Differentiating Autism Spectrum Disorder and Attention-Deficit/Hyperactivity Disorder: Distinct and Overlapping Features	DESCRIPTIVE	8	40811199	https://www.sciqst.com/reviews/nMb1e14ZHhwg
Autism Spectrum Disorder	KB	Autism_Spectrum_Disorder.yaml	Advances in Autism Spectrum Disorder (ASD) Treatments: A Comprehensive Review	DESCRIPTIVE	12	38970057	https://www.sciqst.com/reviews/ITfGCKoMPoSk
Autism Spectrum Disorder	KB	Autism_Spectrum_Disorder.yaml	Exploring Drug Repurposing for Autism Spectrum Disorder: Potential Candidates and Mechanistic Insights	MECHANISM	10	32405312	https://www.sciqst.com/reviews/nouzhHplUmqu
Autism Spectrum Disorder	KB	Autism_Spectrum_Disorder.yaml	Exploring the Potential of Omega-3 Polyunsaturated Fatty Acids in Treating Autism Spectrum Disorder: A Review	DESCRIPTIVE	8	33124582	https://www.sciqst.com/reviews/PZjPok6f1GUj
Autism Spectrum Disorder	KB	Autism_Spectrum_Disorder.yaml	Exploring the Therapeutic Potential of Bumetanide for Autism Spectrum Disorder: A Comprehensive Review	CLINICAL	9	23233021	https://www.sciqst.com/reviews/TUcceH_qCShw
Autism Spectrum Disorder	KB	Autism_Spectrum_Disorder.yaml	Multidimensional Approaches to Understanding and Treating Autism Spectrum Disorder: Insights into Biochemical, Genetic, Neuroimaging, and Microbiota-Gut-Brain Frameworks	MECHANISM	8	41001837	https://www.sciqst.com/reviews/dAW-69ICG0s_
Autism Spectrum Disorder	KB	Autism_Spectrum_Disorder.yaml	Pharmacological Management of Severe Autism Spectrum Disorder and ADHD in Children: Insights and Current Approaches	CLINICAL	3	40400273	https://www.sciqst.com/reviews/9RPbPJeFRJ6V
Autism Spectrum Disorder	KB	Autism_Spectrum_Disorder.yaml	Suramin: A Promising Therapeutic Approach for Autism Spectrum Disorder	CLINICAL	7	23516405	https://www.sciqst.com/reviews/yVrsmsKe9wID
Autism Spectrum Disorder	KB	Autism_Spectrum_Disorder.yaml	The Potential of Genetically Modified Stem Cell Therapy in Autism Spectrum Disorder: Current Advances and Future Prospects	MIXED	10	25765640	https://www.sciqst.com/reviews/-J_SdpqDp5DQ
Autism Spectrum Disorder	KB	Autism_Spectrum_Disorder.yaml	The Therapeutic Potential and Limitations of Cannabidiol in Managing Autism Spectrum Disorder	CLINICAL	7	31748505	https://www.sciqst.com/reviews/eNakK70wXT9d
Autoimmune Hemolytic Anemia	KB	Autoimmune_Hemolytic_Anemia.yaml	Rituximab in Pediatric Autoimmune Hemolytic Anemia: Current Evidence and Clinical Implications	DESCRIPTIVE	8	12489491	https://www.sciqst.com/reviews/ecjynsZEOLDQ
Autosomal Dominant Polycystic Kidney Disease	KB	Autosomal_Dominant_Polycystic_Kidney_Disease.yaml	Advances in Understanding Autosomal Dominant Polycystic Kidney Disease (ADPKD): Genetic Insights, Pathophysiology, and Emerging Therapeutics	MECHANISM	8	40813527	https://www.sciqst.com/reviews/SEMJojXYPT1D
Autosomal Dominant Polycystic Kidney Disease	KB	Autosomal_Dominant_Polycystic_Kidney_Disease.yaml	Recent Advances in the Understanding and Treatment of Autosomal Dominant Polycystic Kidney Disease (ADPKD)	CLINICAL	7	40474483	https://www.sciqst.com/reviews/w7vUI3cJACia
Bartter Syndrome	KB	Bartter_Syndrome.yaml	Bartter Syndrome Clinical Spectrum Molecular Basis Diagnosis and Management	MIXED	12	12920401	https://www.sciqst.com/reviews/1deHj1rl3Cy0
Bartter Syndrome	KB	Bartter_Syndrome.yaml	Bartter Syndrome Clinical Spectrum Molecular Heterogeneity and Management	MIXED	9	10617800	https://www.sciqst.com/reviews/6l0XCqaWVCV1
Bipolar Disorder	KB	Bipolar_Disorder.yaml	Comprehensive Management Strategies for Bipolar Disorder: A Review of Pharmacological and Psychosocial Interventions	CLINICAL	9	40930182	https://www.sciqst.com/reviews/fYPY2FoAhRPm
Borderline Personality Disorder	KB	Borderline_Personality_Disorder.yaml	Dissecting the Intersections and Distinctions: Complex PTSD and Borderline Personality Disorder	DESCRIPTIVE	8	38464619	https://www.sciqst.com/reviews/z1Roi3h1A8-K
Borderline Personality Disorder	KB	Borderline_Personality_Disorder.yaml	Exploring the Emerging Connection between the Gut Microbiome and Borderline Personality Disorder	DESCRIPTIVE	4	31689444	https://www.sciqst.com/reviews/OroWX2pel9RN
Bronchiectasis	KB	Bronchiectasis.yaml	Advances in Understanding and Managing Bronchiectasis: A Comprehensive Review	DESCRIPTIVE	9	40056808	https://www.sciqst.com/reviews/NIClSz4ne2do
Bronchiectasis	KB	Bronchiectasis.yaml	Understanding Bronchiectasis: Advances in Diagnosis and Management	CLINICAL	11	40234067	https://www.sciqst.com/reviews/dyPD3qzEmPA0
Brucellosis	KB	Brucellosis.yaml	Brucellosis: Advances in Understanding, Diagnosis, and Management	CLINICAL	11	39220468	https://www.sciqst.com/reviews/zMEemqVGTpgK
Brucellosis	KB	Brucellosis.yaml	Brucellosis: Insights into Epidemiology, Pathogenesis, and Public Health Implications	MECHANISM	10	39631818	https://www.sciqst.com/reviews/6simAv2q_BBv
Cervical Cancer	KB	Cervical_Cancer.yaml	Advances in the Management of FIGO Stage II Cervical Cancer: An Integrative Review	CLINICAL	7	34477028	https://www.sciqst.com/reviews/xxthG8Ex-_lc
Cholangiocarcinoma	KB	Cholangiocarcinoma.yaml	The Role of Advanced Imaging Techniques in the Diagnosis and Management of Cholangiocarcinoma	CLINICAL	5	41037071	https://www.sciqst.com/reviews/LQRMNakCrsw8
Chronic Kidney Disease	KB	Chronic_Kidney_Disease.yaml	Chronic Kidney Disease in the Elderly: Challenges and Interventions	DESCRIPTIVE	7	41819219	https://www.sciqst.com/reviews/0IGvc3k_YjXS
Chronic Kidney Disease	KB	Chronic_Kidney_Disease.yaml	Chronic Kidney Disease of Unknown Cause (CKDu): Environmental, Occupational, and Socio-economic Contributions	DESCRIPTIVE	8	40602878	https://www.sciqst.com/reviews/CUxFQB7rmKmj
Chronic Kidney Disease	KB	Chronic_Kidney_Disease.yaml	Comprehensive Strategies in Chronic Kidney Disease Management: Insights from Recent Literature	CLINICAL	8	41644509	https://www.sciqst.com/reviews/EwZ9Nn-ljSIv
Chronic Kidney Disease	KB	Chronic_Kidney_Disease.yaml	Contemporary Perspectives on Chronic Kidney Disease: Epidemiology, Diagnosis, Therapeutic Advances, and Integrated Care	CLINICAL	10	26320040	https://www.sciqst.com/reviews/6Qz-78lA0JXp
Chronic Kidney Disease	KB	Chronic_Kidney_Disease.yaml	Integrative Cardiovascular and Renal Protection Strategies in Chronic Kidney Disease: A Comprehensive Review	DESCRIPTIVE	8	41630484	https://www.sciqst.com/reviews/go-IhmW-479I
Chronic Kidney Disease	KB	Chronic_Kidney_Disease.yaml	Integrative Dietary Strategies for Managing Type 2 Diabetes, Hypertension, Obesity, and Chronic Kidney Disease	DESCRIPTIVE	8	40741254	https://www.sciqst.com/reviews/QstG257CyQwx
Chronic Kidney Disease	KB	Chronic_Kidney_Disease.yaml	Semaglutide: A New Frontier in the Management of Chronic Kidney Disease Associated with Type 2 Diabetes	CLINICAL	7	38914124	https://www.sciqst.com/reviews/oFh1w4Au8hDx
Chronic Kidney Disease	KB	Chronic_Kidney_Disease.yaml	The Clinical Utility of ACE Inhibitors in Managing Chronic Kidney Disease: A Comprehensive Review	DESCRIPTIVE	3	39434906	https://www.sciqst.com/reviews/jGyU0lpgELGu
Chronic Kidney Disease	KB	Chronic_Kidney_Disease.yaml	The Implications of Increased Renal Cortical Echogenicity in Diagnosing Chronic Kidney Disease	DESCRIPTIVE	4	39195268	https://www.sciqst.com/reviews/aXrmg_D-QV0P
Chronic Kidney Disease	KB	Chronic_Kidney_Disease.yaml	The Multifaceted Role of Sodium-Glucose Transporter 2 Inhibitors in Chronic Kidney Disease: Cardiovascular, Renal, and Clinical Implications	DESCRIPTIVE	7	39036974	https://www.sciqst.com/reviews/7NqlDOwr-sZu
Chronic Kidney Disease	KB	Chronic_Kidney_Disease.yaml	The Role of Eplerenone in the Management of Chronic Kidney Disease: A Comprehensive Review	CLINICAL	9	21412221	https://www.sciqst.com/reviews/Zf432V0-fJh4
Chronic Kidney Disease	KB	Chronic_Kidney_Disease.yaml	Understanding Chronic Kidney Disease: Risk Factors, Pathophysiology, and Emerging Therapeutic Strategies	MIXED	10	39081743	https://www.sciqst.com/reviews/KUvVZy25o9vO
Chronic Myeloid Leukemia	KB	Chronic_Myeloid_Leukemia.yaml	Asciminib as a Frontline Therapy in Chronic Myeloid Leukemia: Efficacy and Safety Perspectives	CLINICAL	5	36524980	https://www.sciqst.com/reviews/lVTfTZ3r_2DD
Chronic Myeloid Leukemia	KB	Chronic_Myeloid_Leukemia.yaml	Discontinuation of Tyrosine Kinase Inhibitors in Chronic Myeloid Leukemia: An In-Depth Review of Current Evidence and Emerging Strategies	DESCRIPTIVE	11	33651270	https://www.sciqst.com/reviews/o7fGCoxh1N3G
Chronic Myeloid Leukemia	KB	Chronic_Myeloid_Leukemia.yaml	Tyrosine Kinase Inhibitors Post-Allogeneic Bone Marrow Transplant in People with Chronic Myeloid Leukemia	DESCRIPTIVE	8	19204709	https://www.sciqst.com/reviews/lGzi21qeMzF-
Chronic Obstructive Pulmonary Disease	KB	Chronic_Obstructive_Pulmonary_Disease.yaml	Biologic Therapies in Chronic Obstructive Pulmonary Disease: Current Developments and Future Directions	DESCRIPTIVE	5	41234678	https://www.sciqst.com/reviews/a4pGlB0_h_Zu
Chronic Obstructive Pulmonary Disease	KB	Chronic_Obstructive_Pulmonary_Disease.yaml	Non-Invasive Ventilation in Chronic Obstructive Pulmonary Disease Management: Enhancing Patient Outcomes Through Multidisciplinary Approaches	CLINICAL	8	39223939	https://www.sciqst.com/reviews/HkEd_MHDQUrZ
Chronic Obstructive Pulmonary Disease	KB	Chronic_Obstructive_Pulmonary_Disease.yaml	The Emerging Role of Biologic Therapies in Managing Chronic Obstructive Pulmonary Disease (COPD) and Asthma-COPD Overlap (ACO)	DESCRIPTIVE	5	41234678	https://www.sciqst.com/reviews/mZrNyy9kPRNK
Chronic Pancreatitis	KB	Chronic_Pancreatitis.yaml	Advances in the Understanding and Management of Chronic Pancreatitis	CLINICAL	13	38691778	https://www.sciqst.com/reviews/v98gxNo0kF4R
Clostridioides difficile Infection	KB	Clostridioides_difficile_Infection.yaml	The Impact of the COVID-19 Pandemic on Clostridioides difficile Infection (CDI) Acquisition and Outcomes	DESCRIPTIVE	22	34966759	https://www.sciqst.com/reviews/l2PSuNypWt2b
Coronary Artery Disease	KB	Coronary_Artery_Disease.yaml	Comparative Evaluation of Coronary Artery Disease: Insights from Instantaneous Wave-Free Ratio and Fractional Flow Reserve	DESCRIPTIVE	7	36826530	https://www.sciqst.com/reviews/JdkLMRVYyVIW
Coronary Artery Disease	KB	Coronary_Artery_Disease.yaml	Comprehensive Advances in Coronary Artery Disease: Metabolic, Genetic, Diagnostic, and Therapeutic Innovations	MIXED	8	41854510	https://www.sciqst.com/reviews/tpHygk92zmP9
Coronary Artery Disease	KB	Coronary_Artery_Disease.yaml	The Role of Longitudinal Strain in Chronic Coronary Artery Disease: An Emerging Diagnostic Perspective	DESCRIPTIVE	6	39330316	https://www.sciqst.com/reviews/oliyGYMgq4x2
Cystic Fibrosis	KB	Cystic_Fibrosis.yaml	Advances in Understanding and Managing Cystic Lung Disease: A Focus on Cystic Fibrosis and Beyond	MECHANISM	12	39285622	https://www.sciqst.com/reviews/lBUZ8xKHFyx3
Deficiency of Adenosine Deaminase 2	KB	Deficiency_of_Adenosine_Deaminase_2.yaml	The Multifaceted Nature of Deficiency of Adenosine Deaminase 2 (DADA2): Clinical Presentation, Pathophysiology, and Therapeutic Approaches	MIXED	8	38724212	https://www.sciqst.com/reviews/Dx5Z_tQGYF6z
Dementia with Lewy Bodies	KB	Dementia_with_Lewy_Bodies.yaml	Advances in Understanding and Managing Dementia with Lewy Bodies: Clinical, Diagnostic, and Therapeutic Implications	CLINICAL	16	38908272	https://www.sciqst.com/reviews/jUVBzX2LxFuM
Dermatomyositis	KB	Dermatomyositis.yaml	Advances in the Management of Dermatomyositis: Integrating Traditional and Novel Therapeutic Approaches	CLINICAL	10	40323493	https://www.sciqst.com/reviews/rEWcOV-thxTc
Diabetes Mellitus	KB	Diabetes_Mellitus.yaml	Innovative Strategies in Diabetes Mellitus Management: Bridging Technology, Pharmacology, and Psychosocial Care	CLINICAL	10	40573252	https://www.sciqst.com/reviews/n6nAH7D4xdT-
Diabetes Mellitus	KB	Diabetes_Mellitus.yaml	Understanding the Interplay between Meningiomas and Diabetes Mellitus: Current Evidence and Future Directions	DESCRIPTIVE	6	27450761	https://www.sciqst.com/reviews/kxnCbw-5sWmQ
Diffuse Large B Cell Lymphoma	KB	Diffuse_Large_B_Cell_Lymphoma.yaml	Molecular Insights into Diffuse Large B-Cell Lymphoma: Pathogenesis, Resistance, and Therapeutic Avenues	MIXED	8	40461894	https://www.sciqst.com/reviews/Jelj-qCyWibN
Down syndrome	KB	Down_syndrome.yaml	Comprehensive Management of Ear Problems in Individuals with Down Syndrome: A Multidisciplinary Approach	CLINICAL	8	38582054	https://www.sciqst.com/reviews/O6nAE8fqHOPr
Down syndrome	KB	Down_syndrome.yaml	Emerging Therapeutic Strategies for Down Syndrome: A Comprehensive Review	CLINICAL	11	39683562	https://www.sciqst.com/reviews/WbSHLSx4w8bf
Down syndrome	KB	Down_syndrome.yaml	Hepatobiliary Complications in Individuals with Down Syndrome: A Comprehensive Review	DESCRIPTIVE	6	39841698	https://www.sciqst.com/reviews/VD4q5s-sv9nl
Dry Eye Disease	KB	Dry_Eye_Disease.yaml	Insights into the Multifactorial Nature of Dry Eye Disease: Influences and Risk Factors	DESCRIPTIVE	6	38737597	https://www.sciqst.com/reviews/2T7WLP32w4Zs
Dry Eye Disease	KB	Dry_Eye_Disease.yaml	Lactoferrin in Dry Eye Disease: Multifunctional Roles and Therapeutic Potential	CLINICAL	6	30204412	https://www.sciqst.com/reviews/cFjPgyKm8EMl
Dry Eye Disease	KB	Dry_Eye_Disease.yaml	The Impact of Blue Light Exposure on Dry Eye Disease: Current Insights and Future Directions	DESCRIPTIVE	10	27517861	https://www.sciqst.com/reviews/CrlhKH6amkpt
ER Positive Breast Cancer	KB	ER_Positive_Breast_Cancer.yaml	Evaluating the Impact of Oral Selective Estrogen Receptor Degraders in Advanced ER-positive Breast Cancer: Progress and Challenges	MECHANISM	6	35584336	https://www.sciqst.com/reviews/QH9u0HX1qbws
Endometriosis	KB	Endometriosis.yaml	Advances in Understanding Endometriosis: Pathophysiology, Diagnosis, and Treatment Strategies	MIXED	12	39358652	https://www.sciqst.com/reviews/lkPDEx7tRUVP
Endometriosis	KB	Endometriosis.yaml	The Role of Diet in the Management and Pathogenesis of Endometriosis	MIXED	9	40319391	https://www.sciqst.com/reviews/vDDQxjAYHiXz
Eosinophilic Granulomatosis with Polyangiitis	KB	Eosinophilic_Granulomatosis_with_Polyangiitis.yaml	Comprehensive Management of Eosinophilic Granulomatosis with Polyangiitis: Diagnostic and Therapeutic Strategies	CLINICAL	6	39980304	https://www.sciqst.com/reviews/vTdxZHxsAO8T
Esophageal Atresia	KB	Esophageal_Atresia.yaml	Management of Neonatal Patients with Concurrent Left Diaphragmatic Hernia and Esophageal Atresia With Tracheoesophageal Fistula: A Review of Best Practices	CLINICAL	3	25962843	https://www.sciqst.com/reviews/-8ufnSaCILUg
Familial Hypercholesterolemia	KB	Familial_Hypercholesterolemia.yaml	Comprehensive Management Strategies in Familial Hypercholesterolemia: An Update on Pharmacological and Lifestyle Interventions	CLINICAL	8	39718701	https://www.sciqst.com/reviews/5XC85WoUWmnd
Fetal Growth Restriction	KB	Fetal_Growth_Restriction.yaml	The Interplay of Maternal Hemodynamics in Fetal Growth Restriction: Insights and Implications	DESCRIPTIVE	5	39206138	https://www.sciqst.com/reviews/E4BQDmZLCs-4
Fibrosarcoma	KB	Fibrosarcoma.yaml	The Emerging Role of Iodine-125 in the Treatment of Fibrosarcoma: Challenges and Opportunities	MIXED	3	15222800	https://www.sciqst.com/reviews/3dzOPHeFRjj5
Follicular Lymphoma	KB	Follicular_Lymphoma.yaml	Angiogenesis in Follicular Lymphoma: A Review of Existing Evidence	DESCRIPTIVE	9	38954982	https://www.sciqst.com/reviews/Mbx5MFWCkwA0
Gastroesophageal Reflux Disease	KB	Gastroesophageal_Reflux_Disease.yaml	Advancements and Challenges in the Management of Gastroesophageal Reflux Disease: Surgical Interventions, Systemic Implications, and Future Perspectives	CLINICAL	8	41911485	https://www.sciqst.com/reviews/01vyNXHHKl99
Gastroesophageal Reflux Disease	KB	Gastroesophageal_Reflux_Disease.yaml	Evaluating the Complex Relationship between Sleeve Gastrectomy and Gastroesophageal Reflux Disease: Insights and Innovations	DESCRIPTIVE	7	38901554	https://www.sciqst.com/reviews/pyXbnPMXwiNK
Gastroesophageal Reflux Disease	KB	Gastroesophageal_Reflux_Disease.yaml	Non-Pharmacological Management of Gastroesophageal Reflux Disease and Acid Peptic Disease: A Comprehensive Review	CLINICAL	4	41087628	https://www.sciqst.com/reviews/YfCpsX1mwg1R
Generalized Anxiety Disorder	KB	Generalized_Anxiety_Disorder.yaml	Pharmacotherapy Strategies for Generalized Anxiety Disorder Non-Responsive to Mirtazapine	DESCRIPTIVE	3	23055414	https://www.sciqst.com/reviews/14LQkqqZy3UO
Glomerulonephritis	KB	Glomerulonephritis.yaml	Avacopan in the Management of ANCA-Associated Vasculitis and Rapidly Progressive Glomerulonephritis: A Comprehensive Review	CLINICAL	6	36530865	https://www.sciqst.com/reviews/jDzFx0oUE-xQ
Glomerulonephritis	KB	Glomerulonephritis.yaml	Cardiovascular Implications of Glomerulonephritis: A Comprehensive Review	DESCRIPTIVE	8	12163879	https://www.sciqst.com/reviews/aorn2pwCSO_n
Glomerulonephritis	KB	Glomerulonephritis.yaml	Mechanisms of Albuminuria in Diabetic Nephropathy: A Comparative Analysis with Glomerulonephritis	MECHANISM	13	10909986	https://www.sciqst.com/reviews/KI3kY_ZJcf5L
Glucose-6-Phosphate Dehydrogenase G6PD Deficiency	KB	Glucose-6-Phosphate_Dehydrogenase_G6PD_Deficiency.yaml	The Interaction between Glucose-6-Phosphate Dehydrogenase (G6PD) Deficiency and Trimethoprim-Sulfamethoxazole (Bactrim): A Review of Current Evidence	DESCRIPTIVE	3	39010649	https://www.sciqst.com/reviews/6MtFfw_gVx-4
Granulomatosis with Polyangiitis	KB	Granulomatosis_with_Polyangiitis.yaml	The Role of Imaging in the Diagnosis and Management of Granulomatosis with Polyangiitis	CLINICAL	6	31350714	https://www.sciqst.com/reviews/E5lWN2-oGrHH
HER2 Positive Breast Cancer	KB	HER2_Positive_Breast_Cancer.yaml	Exploring Carboplatin Omission in Neoadjuvant Therapy for HER2-Positive Breast Cancer: Balancing Efficacy and Toxicity	CLINICAL	6	34019819	https://www.sciqst.com/reviews/4VxB3Kn-okLg
HER2 Positive Breast Cancer	KB	HER2_Positive_Breast_Cancer.yaml	Insights and Challenges in the Treatment of ER-Positive, HER2-Positive Breast Cancer: A Focus on Relapse and Resistance	CLINICAL	4	39991577	https://www.sciqst.com/reviews/IycEZ8en7UNE
HER2 Positive Gastric Cancer	KB	HER2_Positive_Gastric_Cancer.yaml	Advancements in HER2-Positive Gastric Cancer Treatment: A Comprehensive Review of the KEYNOTE-811 Trial	CLINICAL	6	33167735	https://www.sciqst.com/reviews/B8HMAR0DDNKq
Heart Failure	KB	Heart_Failure.yaml	Autophagy in Heart Failure with Preserved Ejection Fraction: Mechanistic Insights and Therapeutic Potential	MIXED	9	27694219	https://www.sciqst.com/reviews/hZ1mofRQ5qkE
Heart Failure	KB	Heart_Failure.yaml	Comparative Evaluation of HeartMate 3 LVAD and Heart Transplantation in Advanced Heart Failure Management	CLINICAL	6	41566232	https://www.sciqst.com/reviews/MIkd42kBi4nS
Heart Failure	KB	Heart_Failure.yaml	Comprehensive Evaluation of Biomarkers in Heart Failure with Preserved Ejection Fraction: Implications for Prognosis and Treatment	CLINICAL	6	40499472	https://www.sciqst.com/reviews/x-cfU0bJdAsd
Heart Failure	KB	Heart_Failure.yaml	Comprehensive Insights into Cardiovascular Health: Evaluating Acute Heart Failure, Stroke Rehabilitation, and Beyond	DESCRIPTIVE	7	40454882	https://www.sciqst.com/reviews/gBXGWr8KqMw4
Heart Failure	KB	Heart_Failure.yaml	Comprehensive Insights into Heart Failure: Epidemiology, Mechanisms, and Novel Therapeutic Approaches	MIXED	8	39841543	https://www.sciqst.com/reviews/S5V-WSx9CXvt
Heart Failure	KB	Heart_Failure.yaml	Comprehensive Insights into Heart Failure: Mechanisms, Management, and Emerging Therapeutic Strategies	MIXED	6	39678682	https://www.sciqst.com/reviews/KerXn_93b3yC
Heart Failure	KB	Heart_Failure.yaml	Comprehensive Strategies in the Management of Advanced Heart Failure: Emerging Therapies and Interventions	CLINICAL	8	40837548	https://www.sciqst.com/reviews/48zIJ-XZiae4
Heart Failure	KB	Heart_Failure.yaml	Diastolic Heart Failure and Heart Failure with Preserved Ejection Fraction: Clinical Interchangeability and Distinctive Features	DESCRIPTIVE	6	39396676	https://www.sciqst.com/reviews/MliQt-nynTzL
Heart Failure	KB	Heart_Failure.yaml	Differentiating Diastolic Heart Failure and Heart Failure with Preserved Ejection Fraction: A Comprehensive Review	DESCRIPTIVE	5	39396676	https://www.sciqst.com/reviews/Hs97OB7fRJ7y
Heart Failure	KB	Heart_Failure.yaml	Evaluating the Efficacy of MitraClip in Heart Failure Patients with Severe Secondary Mitral Regurgitation: Insights from the COAPT Trial	CLINICAL	7	32854834	https://www.sciqst.com/reviews/7Vf5jJA0l4gL
Heart Failure	KB	Heart_Failure.yaml	Expanding the Scope of Quadruple Medical Therapy in Heart Failure Management: A Brief Review	CLINICAL	1	38597866	https://www.sciqst.com/reviews/hXfX0YnROfqy
Heart Failure	KB	Heart_Failure.yaml	Forced Vital Capacity and Hospital Readmission in Heart Failure A Review of the Available Evidence	DESCRIPTIVE	9	16644433	https://www.sciqst.com/reviews/SvuSsSHNQ7XR
Heart Failure	KB	Heart_Failure.yaml	Heart Failure Following Acute Kidney Injury: A Detailed Examination of Cardiorenal Syndrome Type 3	DESCRIPTIVE	10	19169027	https://www.sciqst.com/reviews/5CcfVW11LVMQ
Heart Failure	KB	Heart_Failure.yaml	Heart Failure Mechanisms Clinical Assessment and Therapeutic Management	MIXED	10	1354569	https://www.sciqst.com/reviews/lBmerishP-EJ
Heart Failure	KB	Heart_Failure.yaml	Investigating the Prognostic Role of Pulmonary Function Tests in Heart Failure with Reduced Ejection Fraction: An Uncharted Territory	DESCRIPTIVE	3	41545551	https://www.sciqst.com/reviews/Fx03PK90gAKc
Heart Failure	KB	Heart_Failure.yaml	Optimizing Congestive Heart Failure Management in Nonagenarians: A Comprehensive Review	CLINICAL	6	41711710	https://www.sciqst.com/reviews/nSigFw7h9IPB
Heart Failure	KB	Heart_Failure.yaml	Spirometry as an Adjunctive Tool for Risk Stratification in Heart Failure	DESCRIPTIVE	10	10742703	https://www.sciqst.com/reviews/GtdSyVCa5vPc
Heart Failure	KB	Heart_Failure.yaml	The Clinical Impact of Hyponatremia in Heart Failure: Pathophysiology, Management, and Outcomes	MIXED	9	36451712	https://www.sciqst.com/reviews/WhWQi3-UfHgi
Heart Failure	KB	Heart_Failure.yaml	The Potential Role of Finerenone in the Management of Heart Failure with Reduced Ejection Fraction: A Review	CLINICAL	4	23713082	https://www.sciqst.com/reviews/GI3fGaLdNnw5
Heart Failure	KB	Heart_Failure.yaml	The Role of Digitoxin in Heart Failure Management: Efficacy, Challenges, and Future Perspectives	CLINICAL	8	19879467	https://www.sciqst.com/reviews/HDPBLXmKVPN5
Heart Failure	KB	Heart_Failure.yaml	The Role of NT-proBNP in Evaluating Heart Failure Among Diabetic and Non-Diabetic Patients: Insights from Tertiary Care Settings	DESCRIPTIVE	5	33535424	https://www.sciqst.com/reviews/1GVLSsMcwt20
Heart Failure	KB	Heart_Failure.yaml	The Role of Semaglutide in Managing Heart Failure with Preserved Ejection Fraction and Obesity	DESCRIPTIVE	7	37993201	https://www.sciqst.com/reviews/Q2ZZjdLHNnfR
Heart Failure	KB	Heart_Failure.yaml	The Therapeutic Potential of Dapagliflozin in the Management of Acute Heart Failure	CLINICAL	8	37697958	https://www.sciqst.com/reviews/qPuaLZn4V-W6
Hemochromatosis	KB	Hemochromatosis.yaml	Genetic and Clinical Insights into Hereditary Hemochromatosis: A Comprehensive Review	MECHANISM	8	40322196	https://www.sciqst.com/reviews/T6zc4Lq5B6Fz
Hemophagocytic Lymphohistiocytosis	KB	Hemophagocytic_Lymphohistiocytosis.yaml	Advanced Therapeutic Approaches for Refractory Dengue-Induced Hemophagocytic Lymphohistiocytosis	CLINICAL	0		https://www.sciqst.com/reviews/Wv5iobiHVH7G
Hemophagocytic Lymphohistiocytosis	KB	Hemophagocytic_Lymphohistiocytosis.yaml	Advances in the Treatment of Epstein-Barr Virus-Associated Hemophagocytic Lymphohistiocytosis: A Comprehensive Review	CLINICAL	6	40389700	https://www.sciqst.com/reviews/WGDkD2MSI8xP
Hemophagocytic Lymphohistiocytosis	KB	Hemophagocytic_Lymphohistiocytosis.yaml	The Role of Anakinra in the Management of Hemophagocytic Lymphohistiocytosis: Current Perspectives and Future Directions	CLINICAL	10	26839691	https://www.sciqst.com/reviews/EZBVeJuufvVi
Hemophagocytic Lymphohistiocytosis	KB	Hemophagocytic_Lymphohistiocytosis.yaml	Understanding Macrophage Activation Syndrome: Insights and Implications from Related Hemophagocytic Lymphohistiocytosis Research	DESCRIPTIVE	5	42078049	https://www.sciqst.com/reviews/O2gdnyazr7XV
Heparin-Induced Thrombocytopenia	KB	Heparin-Induced_Thrombocytopenia.yaml	Advances and Challenges in the Management of Heparin-Induced Thrombocytopenia (HIT)	CLINICAL	2	40409773	https://www.sciqst.com/reviews/jj8O0ApBkkuW
Hepatitis B	KB	Hepatitis_B.yaml	Advances in the Management and Treatment of Chronic Hepatitis B: Emerging Therapeutic Strategies and Scientific Insights	CLINICAL	8	41282013	https://www.sciqst.com/reviews/7RU2qMKi2y1j
Hepatitis B	KB	Hepatitis_B.yaml	The Role of Hepatitis B Vaccination in Preventing Hepatocellular Carcinoma: A Comprehensive Review	MECHANISM	5	40348683	https://www.sciqst.com/reviews/oBcktpIaos4z
Hepatitis C	KB	Hepatitis_C.yaml	Exploring the Landscape of Hepatitis C Virus Reinfection: Insights and Strategies for High-Risk Populations	DESCRIPTIVE	6	37817387	https://www.sciqst.com/reviews/m88JR4ifbgkD
Hepatitis C	KB	Hepatitis_C.yaml	Hepatitis C Virus Reactivation in Patients Undergoing Rituximab Therapy: A Comprehensive Review	CLINICAL	7	21729690	https://www.sciqst.com/reviews/9lEJGwtmBi-C
Hepatocellular Carcinoma	KB	Hepatocellular_Carcinoma.yaml	Advanced Imaging Techniques in the Management of Hepatocellular Carcinoma: Innovations in MRI and CT Approaches	MIXED	7	41518109	https://www.sciqst.com/reviews/NdMwXguO_bAm
Hepatocellular Carcinoma	KB	Hepatocellular_Carcinoma.yaml	Advanced Radiotherapy in Hepatocellular Carcinoma: Current Strategies, Synergies, and Future Directions	MECHANISM	11	38167245	https://www.sciqst.com/reviews/1L-nATCxNBqc
Hepatocellular Carcinoma	KB	Hepatocellular_Carcinoma.yaml	Advances in Diagnostic Imaging and Machine Learning Applications for Hepatocellular Carcinoma	MECHANISM	7	41253607	https://www.sciqst.com/reviews/Ttf87Il2DO-h
Hepatocellular Carcinoma	KB	Hepatocellular_Carcinoma.yaml	Advances in First-Line Treatment of Non-Resectable, Non-Metastatic Hepatocellular Carcinoma: Combining Targeted and Immunotherapies	MIXED	9	33139264	https://www.sciqst.com/reviews/r4-C3M7LgHij
Hepatocellular Carcinoma	KB	Hepatocellular_Carcinoma.yaml	Advances in Hepatocellular Carcinoma Management: Integrating Novel Therapies and Guidelines	MIXED	7	41135980	https://www.sciqst.com/reviews/JKrcCpQeRe9Z
Hepatocellular Carcinoma	KB	Hepatocellular_Carcinoma.yaml	Advances in Hepatocellular Carcinoma Treatment: A Comprehensive Review of Emerging and Established Therapies	MIXED	6	42395111	https://www.sciqst.com/reviews/SrpiLiwCx_QP
Hepatocellular Carcinoma	KB	Hepatocellular_Carcinoma.yaml	Advances in Imaging Techniques for Hepatocellular Carcinoma: A Review of Computed Tomography and Magnetic Resonance Imaging	MECHANISM	6	40419462	https://www.sciqst.com/reviews/EN8_LUxo2TEA
Hepatocellular Carcinoma	KB	Hepatocellular_Carcinoma.yaml	Advances in Radiological Characterization of Hepatocellular Carcinoma: A Comprehensive Review	MECHANISM	8	41325721	https://www.sciqst.com/reviews/3Fmai8cXxKPi
Hepatocellular Carcinoma	KB	Hepatocellular_Carcinoma.yaml	Evaluating the Sensitivity of Serum Biomarkers for Hepatocellular Carcinoma Detection in Decompensated Cirrhosis	MECHANISM	8	30022853	https://www.sciqst.com/reviews/P2nhrmr7kFEa
Hepatocellular Carcinoma	KB	Hepatocellular_Carcinoma.yaml	Imaging Characteristics and Vascular Dynamics of Hepatocellular Carcinoma: A Diagnostic Approach	MECHANISM	4	34994029	https://www.sciqst.com/reviews/_a9nIR-jMlmG
Hepatocellular Carcinoma	KB	Hepatocellular_Carcinoma.yaml	Radiological Advancements in Hepatocellular Carcinoma: The Integration of CT, MRI, and Artificial Intelligence	MECHANISM	7	41411165	https://www.sciqst.com/reviews/NtWtdb1nr7Yw
Hepatocellular Carcinoma	KB	Hepatocellular_Carcinoma.yaml	The Evolving Role of Transarterial Chemoembolization in the Management of Hepatocellular Carcinoma	MIXED	7	39532849	https://www.sciqst.com/reviews/7Jhesx4aNOj7
Hepatocellular Carcinoma	KB	Hepatocellular_Carcinoma.yaml	The Multifaceted Role of Albumin in Hepatocellular Carcinoma: Prognostic, Diagnostic, and Therapeutic Implications	MIXED	7	40097642	https://www.sciqst.com/reviews/cEpWDC-J5amA
Hepatocellular Carcinoma	KB	Hepatocellular_Carcinoma.yaml	The Multifaceted Role of PIVKA-II in Hepatocellular Carcinoma: A Comprehensive Review	MECHANISM	10	39905360	https://www.sciqst.com/reviews/nLc8ZjBPE2Mh
Hepatocellular Carcinoma	KB	Hepatocellular_Carcinoma.yaml	The Role of Advanced Imaging Techniques in Staging Hepatocellular Carcinoma	MIXED	6	40916346	https://www.sciqst.com/reviews/OTW7EJFiUMey
Hepatocellular Carcinoma	KB	Hepatocellular_Carcinoma.yaml	Understanding Hepatocellular Carcinoma: Diagnostic Advancements, Molecular Insights, and Prognostic Biomarkers	MECHANISM	10	41395289	https://www.sciqst.com/reviews/S5kEvzQR303t
Hypersensitivity Pneumonitis	KB	Hypersensitivity_Pneumonitis.yaml	Hypersensitivity Pneumonitis: Advances in Diagnosis, Pathophysiology, and Management	MIXED	10	39227017	https://www.sciqst.com/reviews/XP27s27mYhUU
Hypersensitivity Pneumonitis	KB	Hypersensitivity_Pneumonitis.yaml	Hypersensitivity Pneumonitis: Advances in Diagnosis, Pathophysiology, and Management	MIXED	10	39227017	https://www.sciqst.com/reviews/cbCj3FLmQIgJ
Hypersensitivity Pneumonitis	KB	Hypersensitivity_Pneumonitis.yaml	The Eosinophil-Lymphocyte Ratio in Hypersensitivity Pneumonitis: An Emerging Biomarker for Prognosis	DESCRIPTIVE	9	1673380	https://www.sciqst.com/reviews/wdjtoTx3q6zY
Hypertrophic Cardiomyopathy	KB	Hypertrophic_Cardiomyopathy.yaml	Emerging Pharmacological Interventions for Non-Obstructive Symptomatic Hypertrophic Cardiomyopathy: Current Developments and Future Directions	DESCRIPTIVE	7	21505608	https://www.sciqst.com/reviews/pGirAKlGKSii
Hypertrophic Cardiomyopathy	KB	Hypertrophic_Cardiomyopathy.yaml	Hypertrophic Cardiomyopathy: Advances in Diagnosis, Genetics, and Therapeutic Management	MIXED	14	39273332	https://www.sciqst.com/reviews/qzeh0d8Hy2Hq
Hypertrophic Cardiomyopathy	KB	Hypertrophic_Cardiomyopathy.yaml	Hypertrophic Cardiomyopathy: Insights into Treatment and Genetic Implications	MIXED	14	38853772	https://www.sciqst.com/reviews/HVMW0IDINx2s
Hypertrophic Cardiomyopathy	KB	Hypertrophic_Cardiomyopathy.yaml	The Impact of High Elevation on Patients with Hypertrophic Cardiomyopathy: Current Understanding and Future Directions	DESCRIPTIVE	1	39741217	https://www.sciqst.com/reviews/W7JAcAfuhkJM
Hypertrophic Cardiomyopathy	KB	Hypertrophic_Cardiomyopathy.yaml	The Multifaceted Challenges of Non-Obstructive Hypertrophic Cardiomyopathy: A Review of Structural and Hemodynamic Changes	DESCRIPTIVE	8	11316124	https://www.sciqst.com/reviews/NZaGjbVE1NHr
IgA Nephropathy	KB	IgA_Nephropathy.yaml	Advances in Understanding and Managing IgA Nephropathy: From Pathogenesis to Therapeutics	MECHANISM	9	40456583	https://www.sciqst.com/reviews/VKMWQYJhJLUu
IgA Nephropathy	KB	IgA_Nephropathy.yaml	Advances in Understanding and Managing IgA Nephropathy: Pathogenesis, Biomarkers, and Therapeutic Approaches	MIXED	8	39462308	https://www.sciqst.com/reviews/plNMVeFTbW60
IgA Nephropathy	KB	IgA_Nephropathy.yaml	Mycophenolate Mofetil as a Therapeutic Option for IgA Nephropathy: A Comprehensive Review	CLINICAL	6	28215945	https://www.sciqst.com/reviews/SHMYlM15e-ON
IgA Nephropathy	KB	IgA_Nephropathy.yaml	Nefecon: An Innovative Approach in the Therapeutic Management of IgA Nephropathy	CLINICAL	4	28363480	https://www.sciqst.com/reviews/1knAdCLZwyuT
Infective Endocarditis	KB	Infective_Endocarditis.yaml	Advancements and Challenges in the Management of Infective Endocarditis: A Comprehensive Review	CLINICAL	7	10049254	https://www.sciqst.com/reviews/vymjoe1ZFyvE
Infective Endocarditis	KB	Infective_Endocarditis.yaml	Infective Endocarditis: Epidemiology, Pathophysiology, and Emerging Management Strategies	MIXED	8	40015544	https://www.sciqst.com/reviews/-uoIMDdRlant
Irritable Bowel Syndrome	KB	Irritable_Bowel_Syndrome.yaml	A Comprehensive Review of Irritable Bowel Syndrome Management: Integrating Pharmacological and Non-Pharmacological Approaches	CLINICAL	6	41936113	https://www.sciqst.com/reviews/WAIXRMUTfGWF
Irritable Bowel Syndrome	KB	Irritable_Bowel_Syndrome.yaml	Antidepressive Treatment Approaches for Irritable Bowel Syndrome (IBS): A Comprehensive Review	CLINICAL	8	33912225	https://www.sciqst.com/reviews/0eDz4H5xMuf9
Ischemic Stroke	KB	Ischemic_Stroke.yaml	Advances in the Management of Ischemic Stroke: Integrative Strategies and Emerging Therapies	CLINICAL	8	39524351	https://www.sciqst.com/reviews/51oJLa1uFnNa
Ischemic Stroke	KB	Ischemic_Stroke.yaml	Normobaric Hyperoxia as a Therapeutic Approach in Ischemic Stroke: A Comprehensive Review	CLINICAL	7	16421507	https://www.sciqst.com/reviews/H9IQrat43I3i
Ischemic Stroke	KB	Ischemic_Stroke.yaml	Potential of Extracellular Vesicles as Therapeutic Agents for Neural Repair and Regeneration After Ischemic Stroke	MIXED	6	33642395	https://www.sciqst.com/reviews/tO3hficedztH
Ischemic Stroke	KB	Ischemic_Stroke.yaml	Recent Advances in the Management and Understanding of Acute Ischemic Stroke: A Comprehensive Review	CLINICAL	10	39705391	https://www.sciqst.com/reviews/vV0sq7wao0Wl
Ischemic Stroke	KB	Ischemic_Stroke.yaml	The Evolving Landscape of Antiplatelet Therapy in Acute Ischemic Stroke Management	CLINICAL	7	38915797	https://www.sciqst.com/reviews/_chEMZeascQu
Ischemic Stroke	KB	Ischemic_Stroke.yaml	The Expanding Role of Tirofiban in Acute Ischemic Stroke Management	CLINICAL	9	28912883	https://www.sciqst.com/reviews/YMfN3NOjhUJg
Kawasaki Disease	KB	Kawasaki_Disease.yaml	Advances in Understanding and Managing Kawasaki Disease in Pediatric Populations	DESCRIPTIVE	11	40637622	https://www.sciqst.com/reviews/Umjf8lbpMmGt
Keratoconus	KB	Keratoconus.yaml	A Brief Review of Present Therapeutic Strategies for Keratoconus	CLINICAL	7	37335854	https://www.sciqst.com/reviews/KgdsSy2bwzlV
Keratoconus	KB	Keratoconus.yaml	Advances in Understanding the Pathophysiology of Keratoconus: An Integrative Approach	MECHANISM	7	39869087	https://www.sciqst.com/reviews/vEKG7X8o_ko8
Langerhans Cell Histiocytosis	KB	Langerhans_Cell_Histiocytosis.yaml	Insights into Langerhans Cell Histiocytosis: Clinical Implications and Diagnostic Challenges	DESCRIPTIVE	7	40848146	https://www.sciqst.com/reviews/YqkKzakmit5e
Leiomyosarcoma	KB	Leiomyosarcoma.yaml	Pathological Diagnosis of Leiomyosarcoma in the Nares: A Comprehensive Review	DESCRIPTIVE	8	11142789	https://www.sciqst.com/reviews/rhDsBYFv-aWW
Leiomyosarcoma	KB	Leiomyosarcoma.yaml	The Rare Landscape of Leiomyosarcoma: Epidemiology, Subtypes, and Clinical Characteristics	DESCRIPTIVE	8	31869131	https://www.sciqst.com/reviews/FIrOe2YhjJiO
Liver Cirrhosis	KB	Liver_Cirrhosis.yaml	Advances in Understanding and Managing Liver Cirrhosis: A Comprehensive Review	DESCRIPTIVE	7	40905996	https://www.sciqst.com/reviews/8jZKL5kTYA0H
Liver Cirrhosis	KB	Liver_Cirrhosis.yaml	The Intersection of Liver Cirrhosis and Deep Venous Thrombosis: Incidence and Management Challenges	CLINICAL	14	22472867	https://www.sciqst.com/reviews/lGNTjJBu6UUC
Long COVID	KB	Long_COVID.yaml	Exploring Post-Exertional Malaise: Insights and Management Strategies for ME/CFS and Long COVID	CLINICAL	9	38777281	https://www.sciqst.com/reviews/jlwScluQl8FT
Long COVID	KB	Long_COVID.yaml	Exploring the Potential Role of Nicotine Patches in Managing Long COVID: A Review of Current Evidence and Future Directions	DESCRIPTIVE	3	32890356	https://www.sciqst.com/reviews/fGfDI4SZ18Dt
Long COVID	KB	Long_COVID.yaml	Long COVID A Heterogeneous Multisystem Post-Infectious Condition	DESCRIPTIVE	10	34024217	https://www.sciqst.com/reviews/EQQnOqY81HU2
Long COVID	KB	Long_COVID.yaml	Long COVID: Prevalence, Risk Factors, and Long-term Impact Across Diverse Populations	DESCRIPTIVE	16	2312748	https://www.sciqst.com/reviews/ZyZ3tFBkQYyS
Long COVID	KB	Long_COVID.yaml	Metformin: A Promising Agent in Reducing Long COVID Risk and Incidence	DESCRIPTIVE	7	32902818	https://www.sciqst.com/reviews/lcC9phVBJWMO
Long COVID	KB	Long_COVID.yaml	The Multifaceted Nature of Long COVID: Insights into Biological Mechanisms, Clinical Sequelae, and Management Strategies	MIXED	9	40619111	https://www.sciqst.com/reviews/fA3lZiUWakd_
Long COVID	KB	Long_COVID.yaml	The Role of COVID-19 Vaccination in Mitigating Long COVID: Current Evidence and Implications	DESCRIPTIVE	7	41021660	https://www.sciqst.com/reviews/opkshdrqDTpR
Long COVID	KB	Long_COVID.yaml	Understanding Long COVID: A Multifaceted Condition with Far-reaching Implications	DESCRIPTIVE	10	41370689	https://www.sciqst.com/reviews/YJn2lu38QQHF
Lupus Nephritis	KB	Lupus_Nephritis.yaml	Advancements in the Treatment of Active Lupus Nephritis and Axial Spondyloarthritis: A Review of Emerging Strategies	CLINICAL	4	22890727	https://www.sciqst.com/reviews/1kBoPly99IHy
Lupus Nephritis	KB	Lupus_Nephritis.yaml	Advances in Management and Pathogenesis of Lupus Nephritis	MIXED	9	40719289	https://www.sciqst.com/reviews/Yg5v6X_ZZ3d8
Lupus Nephritis	KB	Lupus_Nephritis.yaml	Plasmapheresis in the Management of Lupus Nephritis: Current Evidence and Future Directions	CLINICAL	7	35706566	https://www.sciqst.com/reviews/O5gia8indBwf
Lupus Nephritis	KB	Lupus_Nephritis.yaml	Recent Advances in the Understanding and Management of Lupus Nephritis	CLINICAL	8	39464895	https://www.sciqst.com/reviews/8QFkLi6pSLjL
Lupus Nephritis	KB	Lupus_Nephritis.yaml	The Potential Role of SGLT2 Inhibitors in Autoimmune Diseases: A Focus on Lupus Nephritis and Immune Modulation	DESCRIPTIVE	10	34844933	https://www.sciqst.com/reviews/MaLgGBHsQcRl
Lupus Nephritis	KB	Lupus_Nephritis.yaml	Therapeutic Options in Lupus Nephritis: A Brief Review	CLINICAL	4	17944583	https://www.sciqst.com/reviews/6Gk2Oe4buzbR
Mantle Cell Lymphoma	KB	Mantle_Cell_Lymphoma.yaml	Cyclin D1-Negative Mantle Cell Lymphoma: Insights into Prognosis, Treatment, and Future Directions	CLINICAL	6	23255553	https://www.sciqst.com/reviews/SRIV6NcFGXcN
Mantle Cell Lymphoma	KB	Mantle_Cell_Lymphoma.yaml	Diagnostic Challenges and Criteria for Cyclin D1-Negative Mantle Cell Lymphoma	DESCRIPTIVE	6	19880778	https://www.sciqst.com/reviews/EnckqblDxvFk
Mantle Cell Lymphoma	KB	Mantle_Cell_Lymphoma.yaml	Diverse Manifestations and Prognostic Evaluations in Lymphoma Involving Unique Regions Including the Mental Region of the Jaw and Genetic Insights into Mantle Cell Lymphoma	MECHANISM	3	27936917	https://www.sciqst.com/reviews/IuT5GZAB4IOz
Mantle Cell Lymphoma	KB	Mantle_Cell_Lymphoma.yaml	Emerging Therapeutic Strategies and Prognostic Insights in Blastic Mantle Cell Lymphoma	CLINICAL	8	40739087	https://www.sciqst.com/reviews/iN7le8n0COTX
Mantle Cell Lymphoma	KB	Mantle_Cell_Lymphoma.yaml	Prognosis and Therapeutic Advances in Blastic Mantle Cell Lymphoma	CLINICAL	2	40975105	https://www.sciqst.com/reviews/4Ec4c-gMuGrA
Mantle Cell Lymphoma	KB	Mantle_Cell_Lymphoma.yaml	The Prognostic and Treatment Challenges of Mantle Cell Lymphoma with TP53 Mutations: Current Insights and Future Directions	MIXED	8	32751805	https://www.sciqst.com/reviews/sR7C3wvWZh6g
Marfan Syndrome	KB	Marfan_Syndrome.yaml	Current Insights and Advances in the Understanding and Management of Marfan Syndrome	CLINICAL	13	37389507	https://www.sciqst.com/reviews/TrDoFVDjShxD
Marfan Syndrome	KB	Marfan_Syndrome.yaml	Genetic Insights and Therapeutic Prospects in Marfan Syndrome: A Comprehensive Review	MIXED	10	37808051	https://www.sciqst.com/reviews/hjaCRazg24dL
Membranous Nephropathy	KB	Membranous_Nephropathy.yaml	Rituximab in the Treatment of Membranous Nephropathy: Efficacy, Dosing Strategies, and Emerging Regimens	CLINICAL	5	39508703	https://www.sciqst.com/reviews/qWg6T6rkx-Os
Metabolic Dysfunction-Associated Steatotic Liver Disease	KB	Metabolic_Dysfunction-Associated_Steatotic_Liver_Disease.yaml	Incretin-Based Therapies for Metabolic Dysfunction–Associated Steatotic Liver Disease Effects on Steatosis Steatohepatitis and Fibrosis	MECHANISM	12	26608256	https://www.sciqst.com/reviews/QfK3Q7cnjTcp
Metabolic Dysfunction-Associated Steatotic Liver Disease	KB	Metabolic_Dysfunction-Associated_Steatotic_Liver_Disease.yaml	The Interlinked Pathways of Metabolic Dysfunction–Associated Steatotic Liver Disease and Type 2 Diabetes Mellitus: Insights and Emerging Therapeutic Strategies	MIXED	9	40303310	https://www.sciqst.com/reviews/LbqzbAQ7LTf3
Metastatic Colorectal Cancer	KB	Metastatic_Colorectal_Cancer.yaml	BREAKWATER Study: Advancing Treatment for BRAF V600E-Mutant Metastatic Colorectal Cancer	CLINICAL	1	39863775	https://www.sciqst.com/reviews/BKXNDP0tILWt
Metastatic Colorectal Cancer	KB	Metastatic_Colorectal_Cancer.yaml	Management Strategies for Solitary Metastatic Nodules in Right-Sided Metastatic Colorectal Cancer	CLINICAL	8	30296945	https://www.sciqst.com/reviews/ObB5W2A1ydKF
Metastatic Prostate Cancer	KB	Metastatic_Prostate_Cancer.yaml	Advances in Immunotherapy for Metastatic Prostate Cancer: Challenges and Opportunities	DESCRIPTIVE	7	39964352	https://www.sciqst.com/reviews/2bbYQOONS6pe
Metastatic Prostate Cancer	KB	Metastatic_Prostate_Cancer.yaml	Therapeutic Strategies and Genomic Insights in High-Volume De Novo Metastatic Prostate Cancer	CLINICAL	7	32220891	https://www.sciqst.com/reviews/gvrgDaOveFOm
Minimal Change Disease	KB	Minimal_Change_Disease.yaml	Advances and Challenges in the Management of Minimal Change Disease in Children	CLINICAL	7	39737442	https://www.sciqst.com/reviews/hEn2oxyUgTkl
Minimal Change Disease	KB	Minimal_Change_Disease.yaml	Tailoring Steroid Tapering Regimens in Pediatric Minimal Change Disease: A Review of Current Strategies	DESCRIPTIVE	5	15228828	https://www.sciqst.com/reviews/-av9d4COoxJ4
Mixed Connective Tissue Disease	KB	Mixed_Connective_Tissue_Disease.yaml	Mixed Connective Tissue Disease: Clinical Complexity, Diagnostic Challenges, and Treatment Strategies	CLINICAL	7	39301486	https://www.sciqst.com/reviews/0evtoqGs5dC1
Muckle-Wells syndrome	STUB	Muckle-Wells_Syndrome.yaml	Muckle-Wells Syndrome: Current Insights and Future Directions in Research	DESCRIPTIVE	9	38808101	https://www.sciqst.com/reviews/UR7W72h-38nY
Multiple Myeloma	KB	Multiple_Myeloma.yaml	Advances in Multiple Myeloma: New Therapeutic Strategies and Challenges in Management	CLINICAL	13	38610941	https://www.sciqst.com/reviews/eCtkuW8q9HnK
Multiple Myeloma	KB	Multiple_Myeloma.yaml	Advances in Understanding and Treating Multiple Myeloma: Emphasis on Immunotherapies and Genetic Insights	MECHANISM	6	40594244	https://www.sciqst.com/reviews/VNHMjdsspSxZ
Multiple Myeloma	KB	Multiple_Myeloma.yaml	Current Insights into Multiple Myeloma: Genetic, Molecular, and Therapeutic Perspectives	MIXED	5	40459694	https://www.sciqst.com/reviews/A8Nw6lpKeMMS
Multiple Myeloma	KB	Multiple_Myeloma.yaml	Emerging Frontiers in Multiple Myeloma: A Comprehensive Review of Recent Advances and Future Directions	DESCRIPTIVE	5	33078986	https://www.sciqst.com/reviews/Yiyf2P_W4pgA
Multiple Myeloma	KB	Multiple_Myeloma.yaml	The Evolving Significance of Minimal Residual Disease in Multiple Myeloma: Implications for Prognosis and Treatment Strategies	CLINICAL	7	38565996	https://www.sciqst.com/reviews/J2bNHr7MAcvV
Multiple Myeloma	KB	Multiple_Myeloma.yaml	The Potential of Selinexor as a Frontline Therapeutic Agent in Multiple Myeloma: A Comprehensive Review	CLINICAL	6	31957504	https://www.sciqst.com/reviews/WrU8X-QaCxpE
Multiple Myeloma	KB	Multiple_Myeloma.yaml	Understanding Financial Toxicity in Multiple Myeloma Patients: Burden, Impact, and Mitigation Strategies	DESCRIPTIVE	8	35662087	https://www.sciqst.com/reviews/XRyEXhahOlUq
Multiple Sclerosis	KB	Multiple_Sclerosis.yaml	Advanced Magnetic Resonance Imaging Techniques in Multiple Sclerosis: A Comprehensive Review	DESCRIPTIVE	7	39798200	https://www.sciqst.com/reviews/l78caYSsbZcr
Multiple Sclerosis	KB	Multiple_Sclerosis.yaml	Enlarged Perivascular Spaces in Multiple Sclerosis: A Critical Review of Pathophysiology and Implications	MECHANISM	6	32535680	https://www.sciqst.com/reviews/23nhkPa8VTgM
Multiple Sclerosis	KB	Multiple_Sclerosis.yaml	Navigating Gynecologic Cancer Screening and Treatment in Patients with Multiple Sclerosis: Challenges and Implications	CLINICAL	6	19878621	https://www.sciqst.com/reviews/QeLZYey5PkCg
Multiple Sclerosis	KB	Multiple_Sclerosis.yaml	The Landscape of Disease-Modifying Therapies in Multiple Sclerosis and Their Implications for Related Neurological Disorders	DESCRIPTIVE	8	32554760	https://www.sciqst.com/reviews/CX7umqGaYwtx
Multiple Sclerosis	KB	Multiple_Sclerosis.yaml	Therapeutic Agents Promoting Remyelination in Multiple Sclerosis: A Comprehensive Review	CLINICAL	7	40896958	https://www.sciqst.com/reviews/Uv6iLeeuPbTx
Multisystem Inflammatory Syndrome in Children MIS-C	KB	Multisystem_Inflammatory_Syndrome_in_Children_MIS-C.yaml	Multisystem Inflammatory Syndrome in Children (MIS-C): Challenges in Diagnosis and Management amidst the COVID-19 Pandemic	MIXED	7	38359342	https://www.sciqst.com/reviews/AjpX7tkLccyy
Myalgic Encephalomyelitis Chronic Fatigue Syndrome	KB	Myalgic_Encephalomyelitis_Chronic_Fatigue_Syndrome.yaml	Cellular Calcium Dysfunction in Myalgic Encephalomyelitis/Chronic Fatigue Syndrome: Pathophysiological Insights and Potential Therapeutic Approaches	MIXED	8	2054742	https://www.sciqst.com/reviews/RwTYv4dZcxE9
Myalgic Encephalomyelitis Chronic Fatigue Syndrome	KB	Myalgic_Encephalomyelitis_Chronic_Fatigue_Syndrome.yaml	Exploring the Parallels and Distinctions between Myalgic Encephalomyelitis/Chronic Fatigue Syndrome (ME/CFS) and Long COVID	DESCRIPTIVE	9	39804864	https://www.sciqst.com/reviews/7al6qHG9U_wl
Myasthenia Gravis	KB	Myasthenia_Gravis.yaml	Drug Repurposing for Myasthenia Gravis: Emerging Therapeutic Strategies and Clinical Implications	CLINICAL	8	28320139	https://www.sciqst.com/reviews/HNFo2Wv28uLP
Myocardial Infarction	KB	Myocardial_Infarction.yaml	De Winter Waves: An Underexplored Electrocardiographic Phenomenon in Acute Myocardial Infarction	DESCRIPTIVE	1	38370399	https://www.sciqst.com/reviews/-boWZstushzu
Myocardial Infarction	KB	Myocardial_Infarction.yaml	Elevated Troponin Levels in Renal Disease: Understanding the Interplay Without Myocardial Infarction	DESCRIPTIVE	8	38022315	https://www.sciqst.com/reviews/Za4F1Gr4MKSC
Myocardial Infarction	KB	Myocardial_Infarction.yaml	Evaluating the Efficacy and Safety of β-blocker Therapy Discontinuation in Stable Post-Myocardial Infarction Patients without Left Ventricular Ejection Fraction Reduction or Heart Failure: Insights from the ABYSS Trial	CLINICAL	3	22373616	https://www.sciqst.com/reviews/QbnPbxgZwbxA
Myocardial Infarction	KB	Myocardial_Infarction.yaml	Exploring the Role of Bioimpedance Analysis in Acute Myocardial Infarction and Rehabilitation	DESCRIPTIVE	6	22482863	https://www.sciqst.com/reviews/BAU_kAJJDO4V
Myocardial Infarction	KB	Myocardial_Infarction.yaml	Tailoring Dual Antiplatelet Therapy in Non-ST-Elevation Myocardial Infarction: Current Perspectives and Future Directions	CLINICAL	8	37302149	https://www.sciqst.com/reviews/9SAq9pGiVwhX
Myocardial Infarction	KB	Myocardial_Infarction.yaml	The Role of Statins in the Management and Prevention of Myocardial Infarction	CLINICAL	7	38873793	https://www.sciqst.com/reviews/gYNnwVEmde1e
Neurofibromatosis Type 1	KB	Neurofibromatosis_Type_1.yaml	Photobiomodulation Therapy in RASopathies: A Focus on Neurofibromatosis Type 1	CLINICAL	8	17352718	https://www.sciqst.com/reviews/gxkmiT48fgnB
Non-Small Cell Lung Cancer	KB	Non-Small_Cell_Lung_Cancer.yaml	A Brief Review of Durvalumab and the ADRIATIC Trial: Novel Strategies for Treating Non-Small Cell Lung Cancer	CLINICAL	1	31948903	https://www.sciqst.com/reviews/fg9rvO-EuNAQ
Non-Small Cell Lung Cancer	KB	Non-Small_Cell_Lung_Cancer.yaml	A Brief Review on Perioperative Chemotherapy in Non-Small Cell Lung Cancer	DESCRIPTIVE	8	31220530	https://www.sciqst.com/reviews/B_SNMcifhZ99
Non-Small Cell Lung Cancer	KB	Non-Small_Cell_Lung_Cancer.yaml	Advanced Therapeutic Strategies for Metastatic Non-Small Cell Lung Cancer with High PD-L1 Expression	MIXED	9	33246646	https://www.sciqst.com/reviews/eyah2sysdekh
Non-Small Cell Lung Cancer	KB	Non-Small_Cell_Lung_Cancer.yaml	Advances and Challenges in the Management of Unresectable Stage III Non-Small-Cell Lung Cancer	CLINICAL	4	40781023	https://www.sciqst.com/reviews/x9R63hsHcpxS
Non-Small Cell Lung Cancer	KB	Non-Small_Cell_Lung_Cancer.yaml	Advances in Perioperative Therapies for Resectable Non-Small Cell Lung Cancer: Current Trends and Future Directions	DESCRIPTIVE	6	41260729	https://www.sciqst.com/reviews/CUiRw7ATmP27
Non-Small Cell Lung Cancer	KB	Non-Small_Cell_Lung_Cancer.yaml	Advances in Understanding and Treating ALK-Mutated Non-Small Cell Lung Cancer	DESCRIPTIVE	7	41797880	https://www.sciqst.com/reviews/tOSM6k4pNXcf
Non-Small Cell Lung Cancer	KB	Non-Small_Cell_Lung_Cancer.yaml	Combination Therapies Involving EGFR Inhibitors as First-Line Treatment in Advanced Non-Small Cell Lung Cancer: Emerging Insights and Future Directions	CLINICAL	7	39206619	https://www.sciqst.com/reviews/NhPsDYNiG7ye
Non-Small Cell Lung Cancer	KB	Non-Small_Cell_Lung_Cancer.yaml	Evaluating the Optimal Duration of Immunotherapy in Metastatic Non-Small Cell Lung Cancer: Continuous versus Limited Treatment Strategies	CLINICAL	5	41349913	https://www.sciqst.com/reviews/fE8O1GANyB_j
Non-Small Cell Lung Cancer	KB	Non-Small_Cell_Lung_Cancer.yaml	Management of Local Recurrence in Stage I Non-Resectable Non-Small Cell Lung Cancer After Stereotactic Body Radiotherapy: Current Treatment Approaches and Future Perspectives	CLINICAL	7	33891980	https://www.sciqst.com/reviews/U_KjxpDQGIed
Non-Small Cell Lung Cancer	KB	Non-Small_Cell_Lung_Cancer.yaml	Mechanisms of Osimertinib Resistance in Non-Small Cell Lung Cancer: Advances and Opportunities	MECHANISM	11	40682834	https://www.sciqst.com/reviews/kN4KcWtft70V
Non-Small Cell Lung Cancer	KB	Non-Small_Cell_Lung_Cancer.yaml	Molecular Characteristics of Squamous Cell Non-Small Cell Lung Cancer with Emphasis on EGFR Mutation Prevalence	MECHANISM	1	40300279	https://www.sciqst.com/reviews/ueNG7xUKpMuV
Non-Small Cell Lung Cancer	KB	Non-Small_Cell_Lung_Cancer.yaml	Neoadjuvant Osimertinib in Resectable EGFR-Mutant Non-Small Cell Lung Cancer: A Review of Current Evidence and Future Prospects	DESCRIPTIVE	7	31292359	https://www.sciqst.com/reviews/VJ6lH44EyQD6
Non-Small Cell Lung Cancer	KB	Non-Small_Cell_Lung_Cancer.yaml	Promising Developments in Non-Small Cell Lung Cancer Treatments: A Comprehensive Review	DESCRIPTIVE	8	39670013	https://www.sciqst.com/reviews/LfdgBdXOzoJq
Non-Small Cell Lung Cancer	KB	Non-Small_Cell_Lung_Cancer.yaml	Reirradiation Strategies for Non-Small Cell Lung Cancer: Advances, Challenges, and Future Directions	DESCRIPTIVE	6	36733369	https://www.sciqst.com/reviews/nb6-S6ls7gP0
Non-Small Cell Lung Cancer	KB	Non-Small_Cell_Lung_Cancer.yaml	Stereotactic Ablative Radiotherapy (SABR) in the Management of Locally Advanced Non-Small Cell Lung Cancer (NSCLC)	CLINICAL	5	39237103	https://www.sciqst.com/reviews/DQgo_XbWk41i
Non-Small Cell Lung Cancer	KB	Non-Small_Cell_Lung_Cancer.yaml	The Mariposa Regimen: A Novel First-line Treatment for EGFR-Mutant Non-Small Cell Lung Cancer	CLINICAL	4	38924756	https://www.sciqst.com/reviews/cy0kSWHZYOTG
Non-Small Cell Lung Cancer	KB	Non-Small_Cell_Lung_Cancer.yaml	The Role of Surgery in Oligometastatic Non-Small Cell Lung Cancer: An Indirect Insight from Current Literature	DESCRIPTIVE	4	38949459	https://www.sciqst.com/reviews/_C97AF_vwa2U
Obsessive-Compulsive Disorder	KB	Obsessive-Compulsive_Disorder.yaml	A Comprehensive Review on The Neurobasis of Compulsive Disorders: Addiction &amp; Obsessive-Compulsive Disorder	DESCRIPTIVE	5	16055761	https://www.sciqst.com/reviews/AtZw6iwXp3de
Optic Neuritis	KB	Optic_Neuritis.yaml	Mechanistic Insights and Clinical Implications of Ethambutol-Induced Optic Neuritis	MECHANISM	10	11775861	https://www.sciqst.com/reviews/IvGirH3_0VMC
Osteoarthritis	KB	Osteoarthritis.yaml	Advances in Understanding and Managing Osteoarthritis: A Comprehensive Review	DESCRIPTIVE	6	40656902	https://www.sciqst.com/reviews/yHXZO4haoOEI
Osteoarthritis	KB	Osteoarthritis.yaml	Mitochondrial Function and Osteoarthritis: Exploring Therapeutic Strategies for Cartilage Health	MIXED	7	39910414	https://www.sciqst.com/reviews/k_DMrEi-oAEv
Osteoarthritis	KB	Osteoarthritis.yaml	Omega-3 Polyunsaturated Fatty Acids as a Therapeutic Approach in Osteoarthritis Management: A Review of Current Evidence	CLINICAL	9	27320930	https://www.sciqst.com/reviews/c9W3tNXMXBKX
Osteoarthritis	KB	Osteoarthritis.yaml	Perspectives on Pain Management in Knee Osteoarthritis: A Review	CLINICAL	5	38348943	https://www.sciqst.com/reviews/VaEsvMrl0NXi
Osteoporosis	KB	Osteoporosis.yaml	A Review of the Number Needed to Treat (NNT) and Absolute Risk Reduction (ARR) for Alendronate Therapy in Osteoporosis	CLINICAL	5	11484428	https://www.sciqst.com/reviews/wcLWBN05rpuu
Osteoporosis	KB	Osteoporosis.yaml	Advances in Osteoporosis Management: Rehabilitation, Innovative Treatments, and Risk Assessment	CLINICAL	8	40922250	https://www.sciqst.com/reviews/pMQ3zonLyYe0
Osteoporosis	KB	Osteoporosis.yaml	Advances in Osteoporosis Research: New Therapeutic Strategies and Clinical Management	CLINICAL	8	41146006	https://www.sciqst.com/reviews/CvIa84IomBPv
Osteoporosis	KB	Osteoporosis.yaml	Exploring the Potential of Natural Agents in Osteoporosis Management: A Review of Traditional and Emerging Therapeutics	CLINICAL	9	40573111	https://www.sciqst.com/reviews/JubIJxvGbzBI
Osteoporosis	KB	Osteoporosis.yaml	Insights into Osteoporosis: Diagnostic Advances, Risk Factors, and Preventive Strategies	DESCRIPTIVE	8	40646162	https://www.sciqst.com/reviews/UUgn1iZ5t-MJ
Osteoporosis	KB	Osteoporosis.yaml	Metabolic Acidosis and Osteoporosis: Unveiling a Potential Interconnection and Insights from Related Studies	DESCRIPTIVE	8	39027195	https://www.sciqst.com/reviews/Kislh_xz0lKZ
Osteoporosis	KB	Osteoporosis.yaml	The Efficacy of Dried Plums in the Management and Prevention of Osteoporosis	CLINICAL	6	20132045	https://www.sciqst.com/reviews/HD2Rhpkgynwt
Osteoporosis	KB	Osteoporosis.yaml	The Role of Calcium Intake in the Management of Osteoporosis in Senior Women: An Analytical Review of Current Evidence	CLINICAL	1	39041711	https://www.sciqst.com/reviews/z5Bq8c8awKVO
Pancreatic Ductal Adenocarcinoma	KB	Pancreatic_Ductal_Adenocarcinoma.yaml	Pancreatic Ductal Adenocarcinoma: A Brief Review of Dusetti&#39;s Contributions	DESCRIPTIVE	5	25355311	https://www.sciqst.com/reviews/uN3Rpy5fPWTf
Papillary Thyroid Carcinoma	KB	Papillary_Thyroid_Carcinoma.yaml	Advances in the Understanding and Management of Papillary Thyroid Carcinoma: Prognostic Markers and Innovative Treatment Options	CLINICAL	10	41123734	https://www.sciqst.com/reviews/p2dTg5H58vEy
Pelvic Inflammatory Disease	KB	Pelvic_Inflammatory_Disease.yaml	Exploring the Potential Connections Between Pelvic Inflammatory Disease and Cardiometabolic Outcomes: A Review	MECHANISM	4	39029077	https://www.sciqst.com/reviews/LmtVSXkf6aJG
Pericarditis	KB	Pericarditis.yaml	Hospitalization Criteria in Pericarditis: A Brief Review	DESCRIPTIVE	1	33430924	https://www.sciqst.com/reviews/qTO6jIu27DRd
Peripheral Artery Disease	KB	Peripheral_Artery_Disease.yaml	Advanced Strategies and Techniques in the Treatment of Peripheral Artery Disease	CLINICAL	10	18327847	https://www.sciqst.com/reviews/szmDqYNbRmPY
Peripheral Artery Disease	KB	Peripheral_Artery_Disease.yaml	The Impact of High Cholesterol on Foot Arteries and Peripheral Artery Disease (PAD)	DESCRIPTIVE	8	37918423	https://www.sciqst.com/reviews/Ef39Ild1-5yl
Polycystic Ovary Syndrome	KB	Polycystic_Ovary_Syndrome.yaml	A Brief Review of the Complex Pathophysiology of Polycystic Ovary Syndrome	MECHANISM	8	36631836	https://www.sciqst.com/reviews/sVhh1Gm28zzm
Polycystic Ovary Syndrome	KB	Polycystic_Ovary_Syndrome.yaml	Complex Pathophysiology of Polycystic Ovary Syndrome: A Brief Review	MECHANISM	7	36201611	https://www.sciqst.com/reviews/BdJnFWKcMedz
Polycythemia Vera	KB	Polycythemia_Vera.yaml	Polycythemia Vera: A Comprehensive Review of Pathophysiology, Diagnosis, and Treatment Strategies	MIXED	9	40087986	https://www.sciqst.com/reviews/B1_vqmOTKjr8
Preeclampsia	KB	Preeclampsia.yaml	Advanced Strategies in the Detection and Management of Preeclampsia: Insights and Innovations	CLINICAL	7	41039366	https://www.sciqst.com/reviews/kGsm7hVbDumD
Preeclampsia	KB	Preeclampsia.yaml	Esomeprazole Use in Pregnancy: Evaluating Its Potential in Managing Preeclampsia and Other Conditions	DESCRIPTIVE	6	24215738	https://www.sciqst.com/reviews/RxQ-z7-8ICJm
Primary Biliary Cholangitis	KB	Primary_Biliary_Cholangitis.yaml	The Prognostic Role of UK-PBC and GLOBE Scores in Primary Biliary Cholangitis: A Comprehensive Review	DESCRIPTIVE	5	26261009	https://www.sciqst.com/reviews/1RTcWSHmW641
Progressive Familial Intrahepatic Cholestasis	KB	Progressive_Familial_Intrahepatic_Cholestasis.yaml	Insights into Progressive Familial Intrahepatic Cholestasis: Genetic Foundations and Clinical Implications	MECHANISM	7	37697751	https://www.sciqst.com/reviews/ngSJ217RZusV
Pulmonary Embolism	KB	Pulmonary_Embolism.yaml	Advances and Challenges in the Diagnosis and Treatment of Pulmonary Embolism	CLINICAL	6	41916317	https://www.sciqst.com/reviews/CepyEIgTjj6D
Pulmonary Embolism	KB	Pulmonary_Embolism.yaml	Challenges in Comparing Enoxaparin and Apixaban for Pulmonary Embolism Treatment in ICU Patients: A Review of Existing Literature	CLINICAL	6	11732663	https://www.sciqst.com/reviews/GLIRtHC7af7n
Pulmonary Embolism	KB	Pulmonary_Embolism.yaml	Diagnostic Approaches to Ruling Out Pulmonary Embolism During Pregnancy: An Integrative Review	DESCRIPTIVE	7	40792350	https://www.sciqst.com/reviews/p8EQbLDBbY4h
Pulmonary Embolism	KB	Pulmonary_Embolism.yaml	Efficacy and Safety of Heparin in Critically Ill Patients with Liver Disease and Pulmonary Embolism: Current Evidence and Future Directions	CLINICAL	4	28687687	https://www.sciqst.com/reviews/iEFyoFG87sty
Pulmonary Embolism	KB	Pulmonary_Embolism.yaml	Recent Advances and Challenges in the Diagnosis and Management of Pulmonary Embolism	CLINICAL	8	40848530	https://www.sciqst.com/reviews/WlW0HItRFF7I
Pulmonary hypertension	KB	Pulmonary_hypertension.yaml	Recent Advancements in the Treatment of Pulmonary Hypertension: Emerging Therapeutics and Future Directions	CLINICAL	8	39571875	https://www.sciqst.com/reviews/xSmTmFoI_lh2
Renal Cell Carcinoma	KB	Renal_Cell_Carcinoma.yaml	A Brief Review of Nivolumab and Its Impact on Metastatic Renal Cell Carcinoma Treatment	CLINICAL	9	37403728	https://www.sciqst.com/reviews/Wlr4OreI_mmJ
Retinoblastoma	KB	Retinoblastoma.yaml	The Evolving Role of Radiotherapy in Retinoblastoma Management: A Contemporary Review	CLINICAL	6	33072488	https://www.sciqst.com/reviews/JJ30d0fKF3oI
Rett Syndrome	KB	Rett_Syndrome.yaml	The Multifaceted Roles of MECP2 in Neurodevelopment and Beyond: Insights into Rett Syndrome and Beyond	DESCRIPTIVE	9	40680381	https://www.sciqst.com/reviews/3R3jPe4VpiH-
Rheumatoid Arthritis	KB	Rheumatoid_Arthritis.yaml	Gastrointestinal Adverse Effects of Rheumatoid Arthritis Drugs and the Role of Probiotics in Mitigation	DESCRIPTIVE	5	24673738	https://www.sciqst.com/reviews/_MhyTYohmoE0
Rheumatoid Arthritis	KB	Rheumatoid_Arthritis.yaml	Metabolic and Immune Pathways in Rheumatoid Arthritis: Insights and Emerging Therapeutic Strategies	MIXED	11	42306532	https://www.sciqst.com/reviews/FDSEOQwHXQnh
Sarcoidosis	KB	Sarcoidosis.yaml	Advanced Diagnostic and Therapeutic Approaches in Cardiac Sarcoidosis: Bridging Imaging and Treatment	CLINICAL	6	40026523	https://www.sciqst.com/reviews/0XDjIFnAnE-n
Sarcoidosis	KB	Sarcoidosis.yaml	Evolving Strategies in the Management of Sarcoidosis: A Focus on Steroid and Nonsteroid Therapies	CLINICAL	9	40484138	https://www.sciqst.com/reviews/nEIEdW-yLWpB
Sarcoidosis	KB	Sarcoidosis.yaml	Gastrointestinal Involvement in Sarcoidosis: Diagnostic Challenges and Clinical Implications	DESCRIPTIVE	6	23256126	https://www.sciqst.com/reviews/Vqwj4rYadX0P
Sarcoidosis	KB	Sarcoidosis.yaml	Nuances in Steroid Dosing for Sarcoidosis Management: A Comprehensive Review	CLINICAL	6	32378535	https://www.sciqst.com/reviews/3p-K4dZnFepe
Schizophrenia	KB	Schizophrenia.yaml	Repurposing Existing Drugs for Schizophrenia: Innovations and Prospects for Enhanced Treatments	DESCRIPTIVE	10	32809727	https://www.sciqst.com/reviews/GtA7GOR4-twC
Schizophrenia	KB	Schizophrenia.yaml	Therapeutic Strategies for Clozapine-Resistant Bipolar Schizophrenia: Exploring Augmentation and Alternative Therapies	CLINICAL	4	39359160	https://www.sciqst.com/reviews/TZ8EHj11di83
Seborrheic Dermatitis	KB	Seborrheic_Dermatitis.yaml	Evidenced-Based Treatments for Seborrheic Dermatitis of the Scalp in Adult Males	DESCRIPTIVE	12	12476017	https://www.sciqst.com/reviews/VZ4kRWEGUhsX
Sickle Cell Disease	KB	Sickle_Cell_Disease.yaml	The Critical Role of Individualized Treatment Plans in the Management of Sickle Cell Disease	CLINICAL	7	26688919	https://www.sciqst.com/reviews/3q2MjA2PpkTI
Small Cell Lung Cancer	KB	Small_Cell_Lung_Cancer.yaml	A Brief Review on the ADRIATIC Study Focusing on the Treatment of Limited-stage Small-cell Lung Cancer	CLINICAL	1	31948903	https://www.sciqst.com/reviews/ksflH8ZetIo2
Small Cell Lung Cancer	KB	Small_Cell_Lung_Cancer.yaml	Advancements in Small Cell Lung Cancer: Diagnostic Innovations and Therapeutic Strategies	CLINICAL	6	40823983	https://www.sciqst.com/reviews/kVbEhmO4WK9S
Small Intestinal Bacterial Overgrowth	KB	Small_Intestinal_Bacterial_Overgrowth.yaml	Small Intestinal Bacterial Overgrowth: Insights from Prevalence to Diagnosis and Treatment	CLINICAL	12	35559337	https://www.sciqst.com/reviews/QXwe4cl_OWWd
Solitary Fibrous Tumor	KB	Solitary_Fibrous_Tumor.yaml	Molecular Diagnosis Risk Stratification and Treatment of Solitary Fibrous Tumor	MIXED	12	26811389	https://www.sciqst.com/reviews/EkoDcBObHFpr
Stevens-Johnson Syndrome	KB	Stevens-Johnson_Syndrome.yaml	Exploring the Association and Clinical Implications of Allopurinol and Levofloxacin with Stevens-Johnson Syndrome and Toxic Epidermal Necrolysis	DESCRIPTIVE	7	11718488	https://www.sciqst.com/reviews/Mx1KvZpY7OCb
Systemic Lupus Erythematosus	KB	Systemic_Lupus_Erythematosus.yaml	Challenges and Advances in the Management of Neuropsychiatric Systemic Lupus Erythematosus	CLINICAL	7	40316397	https://www.sciqst.com/reviews/mrakhglZWYQd
Systemic Lupus Erythematosus	KB	Systemic_Lupus_Erythematosus.yaml	Dermatological Manifestations of Systemic Lupus Erythematosus: A Comprehensive Review	DESCRIPTIVE	4	39307568	https://www.sciqst.com/reviews/_kcCusoIRSWF
Tetralogy of Fallot	KB	Tetralogy_of_Fallot.yaml	Diagnostic Criteria and Clinical Implications of Restrictive Right Ventricular Physiology Following Tetralogy of Fallot Repair	DESCRIPTIVE	7	10476828	https://www.sciqst.com/reviews/qxak2vKhzxfn
Tuberculosis	KB	Tuberculosis.yaml	Innovative Approaches to Differentiating Crohn’s Enterocolitis from Intestinal Tuberculosis: A Biomarker Perspective	DESCRIPTIVE	8	37390314	https://www.sciqst.com/reviews/Ic1OLjeH-NTB
Tuberculosis	KB	Tuberculosis.yaml	Recent Advances in the Diagnosis and Management of Pulmonary Tuberculosis	CLINICAL	6	38198346	https://www.sciqst.com/reviews/kbWAW2rHAWOH
Tuberculosis	KB	Tuberculosis.yaml	The Role of Stool-Based GeneXpert Assays in the Diagnosis of Tuberculosis: A Review of Emerging Evidence	DESCRIPTIVE	7	31788572	https://www.sciqst.com/reviews/j0qJxkiZ0g7K
Tuberculosis	KB	Tuberculosis.yaml	Tuberculosis Exposure and Management in Medical Students: A Global Review of Risks, Challenges, and Educational Strategies	CLINICAL	9	23759899	https://www.sciqst.com/reviews/zEvdSTrFSg0-
Tuberculosis	KB	Tuberculosis.yaml	Tuberculosis in Pregnancy: Clinical and Public Health Perspectives	DESCRIPTIVE	9	27999684	https://www.sciqst.com/reviews/JG7zsQJ2-miJ
Tuberculosis	KB	Tuberculosis.yaml	Tuberculosis in Pregnancy: Health Risks, Clinical Management, and Research Developments	CLINICAL	14	36447614	https://www.sciqst.com/reviews/uvag90uMexlR
Type 2 Diabetes Mellitus	KB	Type_2_Diabetes_Mellitus.yaml	Sodium-Glucose Cotransporter-2 Inhibitors: A Comprehensive Review of Therapeutic Benefits in Type 2 Diabetes Mellitus	CLINICAL	14	39085830	https://www.sciqst.com/reviews/HyGHqdbem0nX
Type 2 Diabetes Mellitus	KB	Type_2_Diabetes_Mellitus.yaml	The Role of GLP-1 Receptor Agonists in the Management of Type 2 Diabetes Mellitus: Efficacy, Safety, and Emerging Benefits	MIXED	8	41488069	https://www.sciqst.com/reviews/-x_p2b-PveML
Type 2 Diabetes Mellitus	KB	Type_2_Diabetes_Mellitus.yaml	Understanding the Limitations in Generalizing Clinical Research Findings to the Broader Type 2 Diabetes Mellitus Population: Insights and Implications	DESCRIPTIVE	8	37575860	https://www.sciqst.com/reviews/UsrReH6bsYZW
Type 2 Diabetes Mellitus	KB	Type_2_Diabetes_Mellitus.yaml	Understanding the Stages of Grief and Their Impact on Therapeutic Adherence in Type 2 Diabetes Mellitus Patients: A Brief Review	CLINICAL	1	38301398	https://www.sciqst.com/reviews/vWjOVkhShqRq
Ulcerative Colitis	KB	Ulcerative_Colitis.yaml	Advanced Therapeutics and Their Application in the Treatment of Ulcerative Colitis: A Brief Review	CLINICAL	6	37357103	https://www.sciqst.com/reviews/52FeGbs6YqFT
Ulcerative Colitis	KB	Ulcerative_Colitis.yaml	The Efficacy of Acupuncture in Treating Ulcerative Colitis: A Brief Review	CLINICAL	7	32959550	https://www.sciqst.com/reviews/uwKR7tX2b6Ig
Uveal Melanoma	KB	Uveal_Melanoma.yaml	Advancements in the Treatment of Uveal Melanoma: Emerging Strategies and Future Directions	CLINICAL	8	40341826	https://www.sciqst.com/reviews/InDDicrlU4Ni
Uveal Melanoma	KB	Uveal_Melanoma.yaml	Emerging Strategies in the Treatment of Primary Uveal Melanoma: A Review of Current Research and Developments	CLINICAL	6	31344957	https://www.sciqst.com/reviews/JZ3Reamf5nRa
Von Hippel-Lindau Disease	KB	Von_Hippel-Lindau_Disease.yaml	Advances in the Diagnosis and Management of Hemangioblastomas: A Focus on von Hippel-Lindau Disease	CLINICAL	8	38980260	https://www.sciqst.com/reviews/3HFkq5vA55hq
X-linked hypophosphatemic rickets	STUB	X-linked_Hypophosphatemic_Rickets.yaml	Comprehensive Insights into X-linked Hypophosphatemic Rickets: Pathophysiology, Management, and Future Directions	MIXED	8	39814982	https://www.sciqst.com/reviews/PTAd9ybXlLzV
interstitial cystitis	STUB	Interstitial_Cystitis.yaml	Advances in Understanding and Treating Interstitial Cystitis/Bladder Pain Syndrome: A Comprehensive Review	DESCRIPTIVE	17	37728498	https://www.sciqst.com/reviews/blD2jv15tSEk
myelofibrosis	STUB	Myelofibrosis.yaml	Advancements in the Management of Myelofibrosis: From JAK Inhibitors to Genomic Analysis and Novel Therapeutics	MIXED	12	37760903	https://www.sciqst.com/reviews/NNnZoytcsArD
pancreatitis	STUB	Pancreatitis.yaml	The Role of Antibiotics in the Management of Pancreatitis: A Comprehensive Review	CLINICAL	3	38786140	https://www.sciqst.com/reviews/WfYrk1_UhsSJ
pheochromocytoma	STUB	Pheochromocytoma.yaml	Advancements and Challenges in the Management of Metastatic Pheochromocytoma	CLINICAL	7	38847206	https://www.sciqst.com/reviews/MBFqX6jSLv7K
pheochromocytoma	STUB	Pheochromocytoma.yaml	Current Advances and Perspectives in Biochemical Screening for Pheochromocytoma and Paraganglioma	CLINICAL	7	40838687	https://www.sciqst.com/reviews/W7iakmRKF6IB
trigeminal neuralgia	STUB	Trigeminal_Neuralgia.yaml	Advances in Balloon Compression Techniques for Trigeminal Neuralgia: A Comprehensive Review	DESCRIPTIVE	10	11409519	https://www.sciqst.com/reviews/eSexu_aPYZdX
trigeminal neuralgia	STUB	Trigeminal_Neuralgia.yaml	Investigating the A931T Variant in the TRPM7 Channel: Implications for Trigeminal Neuralgia	DESCRIPTIVE	1	36095216	https://www.sciqst.com/reviews/q89f9xkknzZm
