vid,name,cls,pos,germline,traits
1700628,NM_004456.5(EZH2):c.2204_2211dup (p.Ala738fs),frameshift,738.0,Pathogenic,Weaver syndrome
30198,NM_004456.5(EZH2):c.457_459del (p.Tyr153del),inframe-indel,153.0,Pathogenic,Weaver syndrome
577229,NM_004456.5(EZH2):c.2218_2220dup (p.Lys740dup),inframe-indel,740.0,Likely pathogenic,Weaver syndrome
30200,NM_004456.5(EZH2):c.394C>T (p.Pro132Ser),missense,132.0,Pathogenic,Weaver syndrome
933450,NM_004456.5(EZH2):c.398A>G (p.Tyr133Cys),missense,133.0,Pathogenic/Likely pathogenic,not provided;Weaver syndrome
1285414,NM_004456.5(EZH2):c.472C>T (p.His158Tyr),missense,158.0,Likely pathogenic,Weaver syndrome
158579,NM_004456.5(EZH2):c.1876G>A (p.Val626Met),missense,626.0,Pathogenic,Weaver syndrome
2442387,NM_004456.5(EZH2):c.1882G>A (p.Gly628Ser),missense,628.0,Likely pathogenic,Weaver syndrome
3377158,NM_004456.5(EZH2):c.1969G>A (p.Asp657Asn),missense,657.0,Likely pathogenic,Weaver syndrome
411683,NM_004456.5(EZH2):c.1990G>T (p.Asp664Tyr),missense,664.0,Likely pathogenic,Weaver syndrome
650242,NM_004456.5(EZH2):c.2000T>C (p.Met667Thr),missense,667.0,Likely pathogenic,Weaver syndrome
2663828,NM_004456.5(EZH2):c.2015T>G (p.Phe672Cys),missense,672.0,Likely pathogenic,Weaver syndrome
3075661,NM_004456.5(EZH2):c.2035G>C (p.Val679Leu),missense,679.0,Likely pathogenic,not provided;Weaver syndrome
950845,NM_004456.5(EZH2):c.2048C>A (p.Thr683Asn),missense,683.0,Likely pathogenic,Weaver syndrome
158582,NM_004456.5(EZH2):c.2050C>T (p.Arg684Cys),missense,684.0,Pathogenic,Weaver syndrome;not provided
30199,NM_004456.5(EZH2):c.2080C>T (p.His694Tyr),missense,694.0,Pathogenic,Weaver syndrome
1451532,NM_004456.5(EZH2):c.2084C>T (p.Ser695Leu),missense,695.0,Pathogenic/Likely pathogenic,Weaver syndrome;not provided
640527,NM_004456.5(EZH2):c.2132A>T (p.His711Leu),missense,711.0,Likely pathogenic,Weaver syndrome
1699242,NM_004456.5(EZH2):c.2185T>C (p.Phe729Leu),missense,729.0,Pathogenic,Weaver syndrome
648972,NM_004456.5(EZH2):c.2187T>G (p.Phe729Leu),missense,729.0,Likely pathogenic,Weaver syndrome
430846,NM_004456.5(EZH2):c.2213C>A (p.Ala738Asp),missense,738.0,Likely pathogenic,Weaver syndrome
975993,NM_004456.5(EZH2):c.2235A>T (p.Glu745Asp),missense,745.0,Pathogenic,Weaver syndrome
65675,NM_004456.5(EZH2):c.2233G>A (p.Glu745Lys),missense,745.0,Pathogenic/Likely pathogenic,EZH2-related disorder;not provided;Weaver syndrome
158584,NM_004456.5(EZH2):c.2236A>G (p.Arg746Gly),missense,746.0,Likely pathogenic,Weaver syndrome
643660,NM_004456.5(EZH2):c.2196-10_2197dup,noncoding/other,,Likely pathogenic,Weaver syndrome
210967,NM_004456.5(EZH2):c.2187dup (p.Asp730Ter),nonsense,730.0,Pathogenic/Likely pathogenic,not provided;Weaver syndrome
1700627,NM_004456.5(EZH2):c.2199C>G (p.Tyr733Ter),nonsense,733.0,Pathogenic,Weaver syndrome
