trait	biosample	tissue	annotation	enrichment	pValue	ancestry
AD	germinal_center	lymphoid_tissue	enhancer	6.655	8.25182208848921e-07	Mixed
AD	B_cell	blood	enhancer	5.446	1.0344406976936604e-06	Mixed
AD	DOHH2	blood	enhancer	6.33	5.463624442194243e-06	Mixed
AD	thymus	thymus	enhancer	4.437	2.020733562788179e-05	Mixed
AD	inflammatory_macrophage	blood	enhancer	5.894	2.7030665177540816e-05	Mixed
AD	spleen	spleen	enhancer	3.654	2.9535020107427348e-05	Mixed
AD	tissue-resident_macrophage	pancreas	accessible_chromatin	32.778	3.0000444474000405e-05	Mixed
AD	alternatively_activated_macrophage	blood	enhancer	4.533	3.0121412656044787e-05	Mixed
AD	natural_killer_cell	blood	enhancer	5.631	3.345136729769105e-05	Mixed
AD	CD34-negative;_CD41-positive;_CD42-positive_megakaryocyte_cell	blood	enhancer	4.596	4.1974509907436724e-05	Mixed
AD	microglial_cell_(immune_cell)	pancreas	uniform_accessible_chromatin_sites	26.856	5.6225364314444326e-05	Mixed
AD	substantia_nigra	central_nervous_system	enhancer	4.918	7.935214750062369e-05	Mixed
AD	CD8-positive;_alpha-beta_memory_T_cell	blood	enhancer	4.356	0.0001271943859417879	Mixed
AD	CD14-positive;_CD16-negative_classical_monocyte	blood	enhancer	5.767	0.00014001557822671947	Mixed
AD	mature_neutrophil	blood	enhancer	5.912	0.00017005736949567138	Mixed
AD	common_myeloid_progenitor;_CD34-positive	blood	enhancer	4.165	0.0002283545559941233	Mixed
AD	CD14-positive_monocyte	blood	enhancer	4.791	0.00022916001437341628	Mixed
AD	DG-75_cell	blood	enhancer	6.379	0.0002891704291899939	Mixed
AD	CD4-positive;_alpha-beta_memory_T_cell	blood	enhancer	3.686	0.000305890765945201	Mixed
AD	naive_T_cell	blood	enhancer	5.849	0.0003428963351075124	Mixed
AD	macrophage	blood	binding_sites	11.005	0.0003541016372077789	Mixed
AD	liver	liver	enhancer	3.8	0.0005768196031568869	Mixed
AD	OVCA-429_cell	female_gonad	binding_sites	-41.188	0.0006412561261274669	Mixed
AD	erythroblast	blood	enhancer	4.743	0.000646264179023273	Mixed
AD	adipose_tissue	adipose_tissue	enhancer	3.855	0.0006854398673742236	Mixed
AD	caudate_nucleus	central_nervous_system	enhancer	4.491	0.000933531290516658	Mixed
PD	islet_of_Langerhans	pancreas	enhancer	3.156	1.2155923762473143e-06	Mixed
PD	caudate_nucleus	central_nervous_system	enhancer	3.517	4.642558895443518e-06	Mixed
PD	CD4-positive;_alpha-beta_memory_T_cell	blood	enhancer	3.332	7.313231067912662e-06	Mixed
PD	B_cell	blood	enhancer	3.362	8.119254053096897e-06	Mixed
PD	natural_killer_cell	blood	enhancer	3.503	8.664733274044152e-05	Mixed
PD	arterial_endothelial_cell_(endothelial_cell_of_artery)	lung	uniform_accessible_chromatin_sites	7.401	0.00011660963928857761	Mixed
PD	memory_B_cell	blood	accessible_chromatin	6.18	0.00012701656142387888	Mixed
PD	chondrocyte	acetabular_part_of_hip_bone	uniform_accessible_chromatin_sites	6.402	0.00017958049631302988	Mixed
PD	thymus	thymus	enhancer	2.943	0.00019718177850386906	Mixed
PD	common_myeloid_progenitor;_CD34-positive	blood	enhancer	3.333	0.00020103033994246154	Mixed
PD	mature_natural_killer_cell	blood	accessible_chromatin	8.5	0.00020489112410697197	Mixed
PD	alternatively_activated_macrophage	blood	enhancer	3.429	0.00021466995389755859	Mixed
PD	Pancreatic_lymph_node_mast_cell_(mast_cell)	pancreatic_lymph_node	uniform_accessible_chromatin_sites	16.103	0.0003123754849758488	Mixed
PD	SST+_GABAergic_neurons_-_type_1_(GABAergic_neuron)	central_nervous_system	uniform_accessible_chromatin_sites	12.948	0.0003149762906025748	Mixed
PD	germinal_matrix	central_nervous_system	promoter	9.22	0.0003726794332799768	Mixed
PD	T-cell_acute_lymphoblastic_leukemia	blood	binding_sites	10.659	0.00044803881820212107	Mixed
PD	PVALB+_GABAergic_neurons_-_type_3_(GABAergic_neuron)	central_nervous_system	uniform_accessible_chromatin_sites	10.383	0.00045370109864386113	Mixed
PD	Intratelencephalic_projecting_neurons_cortical_layer_6_type_2_(L6_intratelencephalic_projecting_glutamatergic_neuron_(Homo_sapiens))	central_nervous_system	uniform_accessible_chromatin_sites	10.269	0.00045438467062656926	Mixed
PD	pancreatic_alpha_cell_(pancreatic_A_cell)	pancreas	uniform_accessible_chromatin_sites	6.566	0.00046395184498875626	Mixed
PD	monocyte	blood	uniform_accessible_chromatin_sites	5.861	0.00047242319277665274	Mixed
PD	pancreatic_beta_cell	pancreas	accessible_chromatin	6.056	0.00047379599379547446	Mixed
PD	Brodmann_(1909)_area_46	central_nervous_system	enhancer	4.105	0.0005016362293481563	Mixed
PD	capillary_endothelial_cell	lung	uniform_accessible_chromatin_sites	6.099	0.0005627269674149892	Mixed
PD	substantia_nigra	central_nervous_system	enhancer	3.449	0.0005721207358704578	Mixed
PD	hematopoietic_multipotent_progenitor_cell	blood	enhancer	2.885	0.0006771678564858557	Mixed
PD	neurosphere	peripheral_nervous_system	promoter	9.349	0.0007001244235370624	Mixed
PD	oligodendrocyte_precursor_cell	central_nervous_system	uniform_accessible_chromatin_sites	12.319	0.0007238780280835935	Mixed
PD	alveolar_macrophage	lung	uniform_accessible_chromatin_sites	12.364	0.0008208370962789596	Mixed
PD	glutamatergic_neuron	central_nervous_system	uniform_accessible_chromatin_sites	12.093	0.0008744458271943892	Mixed
PD	PVALB+_GABAergic_neurons_-_type_4_(GABAergic_neuron)	central_nervous_system	uniform_accessible_chromatin_sites	10.152	0.0008749079306160876	Mixed
PD	AT1_cell_(pulmonary_alveolar_type_1_cell)	lung	uniform_accessible_chromatin_sites	7.283	0.0008919315910705861	Mixed
PD	pons	central_nervous_system	accessible_chromatin	15.499	0.0009075558676862291	Mixed
PD	pancreatic_alpha_cell	pancreas	accessible_chromatin	5.255	0.0009300758243605931	Mixed
PD	natural_killer_cell_mediated_cytotoxicity_(natural_killer_cell)	blood	uniform_accessible_chromatin_sites	14.771	0.0009755256962514624	Mixed
