chemical	exposure	endpoint	hitcall	ac50_uM	acc_uM	bmd_uM	fit_method	top_over_cutoff	flags	n_flags	passes_hit_rule
Chlorpyrifos	acute	BSL1	0.0070	4.00001e-06			exp5	0.65149	no.hit,ac50.lowconc,multipoint.neg	3	no
Chlorpyrifos	acute	BSL2	0.9971	0.527857	0.524324	0.674763	gnls	2.04497		0	yes
Chlorpyrifos	acute	BSL3	0.7772	8.96551	21.1106		exp4	1.24192	no.hit,acc.high,multipoint.neg	3	no
Chlorpyrifos	acute	BSL4	1.0000	9.01156	4.87751	10.0416	exp4	3.19798		0	yes
Chlorpyrifos	acute	VMR1	1.0000	8.23618	0.157247	0.2871	exp4	76.1055		0	yes
Chlorpyrifos	acute	VMR2	0.9631	12.7356	23.2242	110.014	poly2	1.27707	acc.high	1	yes
Chlorpyrifos	acute	VMR3	0.7706	0.787611	2.67456		exp4	1.10498	no.hit,border,acc.high,multipoint.neg	4	no
Chlorpyrifos	acute	VMR4	0.9995	12.019	11.495	23.7329	poly2	2.07574		0	yes
Chlorpyrifos	acute	VMR5	0.9995	12.1175	6.75637	12.5905	poly2	3.33551		0	yes
Chlorpyrifos	acute	ASR1	0.9997	12.3124	15.016	101.864	poly2	1.70382	acc.high	1	yes
Chlorpyrifos	acute	ASR2	0.9994	4.82057	4.76521	5.98479	gnls	2.09956		0	yes
Chlorpyrifos	acute	ASR3	0.9997	2.4562	2.97022	13.9582	exp4	1.76207	acc.high	1	yes
Chlorpyrifos	acute	VSR1	0.8582	14.5417	38.3452	130.371	poly2	1.05389	no.hit,border,acc.high	3	no
Chlorpyrifos	acute	VSR2	0.0002	40		248.805	poly1	0.494812	no.hit	1	no
Chlorpyrifos	acute	VSRB	0.0000	8.20716e-05			exp4	0.634973	no.hit	1	no
Chlorpyrifos	acute	IBI	1.0000	1.91335	1.08364	2.43716	gnls	3.05728		0	yes
Chlorpyrifos	acute	IEI1	1.0000	3.67797	2.93837	6.34046	exp4	2.35174		0	yes
Chlorpyrifos	acute	IEI2	1.0000	2.1808	1.81259	4.58589	gnls	2.27611		0	yes
Chlorpyrifos	acute	IEI3	1.0000	2.46998	1.51813	2.8636	gnls	3.24912		0	yes
Chlorpyrifos	acute	ISI1	1.0000	5.7439	3.96926	7.68748	exp4	2.6275		0	yes
Chlorpyrifos	acute	ISI2	1.0000	4.15524	3.05279	6.4055	exp4	2.50595		0	yes
Chlorpyrifos	acute	ISI3	1.0000	2.23538	1.25165	2.3562	gnls	3.44831		0	yes
Chlorpyrifos	acute	ASH1	0.0000	0.00270217			exp5	0.445479	no.hit	1	no
Chlorpyrifos	acute	ASR2/3	0.1129	24.2882		289.033	pow	0.916386	no.hit,border	2	no
Chlorpyrifos	acute	ASH1/5	0.0111	7.93701		1010.22	pow	0.823149	no.hit,border	2	no
Chlorpyrifos	acute	ASHsum	1.0000	4.34769	2.27056	4.83542	exp4	3.29259		0	yes
Haloperidol	acute	BSL1	1.0000	22.301	5.82771	10.9306	exp4	6.27398		0	yes
Haloperidol	acute	BSL2	1.0000	7.52228	4.78339	6.32952	hill	4.57334		0	yes
Haloperidol	acute	BSL3	1.0000	5.7299	4.60876	5.8033	hill	3.40479		0	yes
Haloperidol	acute	BSL4	1.0000	4.85722	4.07593	5.31064	hill	3.03108		0	yes
Haloperidol	acute	VMR1	0.9970	11.7399	1.32623	2.49999	poly2	15.3709		0	yes
Haloperidol	acute	VMR2	1.0000	5.66961	0.964263	4.17204	exp5	3.87922		0	yes
Haloperidol	acute	VMR3	1.0000	9.38568	3.51933	6.89439	exp4	4.37234		0	yes
Haloperidol	acute	VMR4	1.0000	6.83158	1.1446	4.28673	exp5	4.18547		0	yes
Haloperidol	acute	VMR5	1.0000	10.1305	4.21182	8.64581	exp4	3.99828		0	yes
Haloperidol	acute	ASR1	0.9769	57.6849	60.3111	77.1187	exp2	1.8345	acc.high	1	yes
Haloperidol	acute	ASR2	0.8711	0.524521	0.609323		hill	1.35598	no.hit,acc.high,multipoint.neg	3	no
Haloperidol	acute	ASR3	0.9993	40	27.5907	47.6284	poly1	2.89953		0	yes
Haloperidol	acute	VSR1	0.3387	0.538796			exp4	0.924875	no.hit,border,multipoint.neg	3	no
Haloperidol	acute	VSR2	0.9995	1.20444	1.88668		gnls	1.54406	acc.high	1	yes
Haloperidol	acute	VSRB	0.0000	2.66521e-05			exp5	0.264917	no.hit,ac50.lowconc	2	no
Haloperidol	acute	IBI	1.0000	9.88117	11.0903		exp4	1.84927	acc.high	1	yes
Haloperidol	acute	IEI1	1.0000	13.2098	18.8185		exp4	1.58963	acc.high	1	yes
Haloperidol	acute	IEI2	1.0000	13.0255	17.0597		hill	1.41214	acc.high	1	yes
Haloperidol	acute	IEI3	1.0000	11.8676	13.756		hill	1.53426	acc.high	1	yes
Haloperidol	acute	ISI1	1.0000	14.2433	17.1178	133.621	hill	1.6605	acc.high	1	yes
Haloperidol	acute	ISI2	1.0000	13.5702	16.132		hill	1.46366	acc.high	1	yes
Haloperidol	acute	ISI3	0.9995	3.01918	11.3099		exp5	1.43721	acc.high	1	yes
Haloperidol	acute	ASH1	0.0250	7.93701		727.906	pow	0.818917	no.hit,border	2	no
Haloperidol	acute	ASR2/3	1.0000	45.8249	39.501	52.1357	exp5	2.84661		0	yes
Haloperidol	acute	ASH1/5	0.9805	10.3537	14.4434		exp5	1.22926	acc.high	1	yes
Haloperidol	acute	ASHsum	0.9982	0.523154	0.572508	2.03526	exp4	1.88094	acc.high	1	yes
Hexachlorophene	acute	BSL1	0.0000	3.71392e-05			exp4	0.578937	no.hit,multipoint.neg	2	no
Hexachlorophene	acute	BSL2	0.0089	0.0936746		0.887899	poly2	0.839155	no.hit,border	2	no
Hexachlorophene	acute	BSL3	0.0099	0.0985363		0.931374	poly2	0.83459	no.hit,border	2	no
Hexachlorophene	acute	BSL4	0.6993	0.3	0.485291	0.880057	poly1	1.23637	no.hit,acc.high,multipoint.neg	3	no
Hexachlorophene	acute	VMR1	0.9994	0.406217	0.365949	0.545563	pow	2.40768		0	yes
Hexachlorophene	acute	VMR2	0.0001	6e-07			exp4	0.458925	no.hit,ac50.lowconc	2	no
Hexachlorophene	acute	VMR3	0.9272	0.3	0.41787	0.7413	poly1	1.43585	acc.high	1	yes
Hexachlorophene	acute	VMR4	0.7997	0.3	0.437549	0.779871	poly1	1.37127	no.hit,acc.high	2	no
Hexachlorophene	acute	VMR5	0.6070	0.3	0.455941	0.82931	poly1	1.31596	no.hit,acc.high	2	no
Hexachlorophene	acute	ASR1	0.0071	0.0637196			exp5	0.867009	no.hit,border	2	no
Hexachlorophene	acute	ASR2	0.9671	0.3	0.383081	0.693624	poly1	1.56625	acc.high	1	yes
Hexachlorophene	acute	ASR3	1.0000	0.3	0.225061	0.412217	poly1	2.66595		0	yes
Hexachlorophene	acute	VSR1	0.0000	0.0595448		18.3003	pow	0.608091	no.hit	1	no
Hexachlorophene	acute	VSR2	0.0000	0.00151935			exp4	0.204851	no.hit	1	no
Hexachlorophene	acute	VSRB	0.0000	0.0911001		0.998048	poly2	0.41839	no.hit	1	no
Hexachlorophene	acute	IBI	0.0000	6e-07			exp4	0.545626	no.hit,ac50.lowconc	2	no
Hexachlorophene	acute	IEI1	0.0000	1.64247e-05			gnls	0.295545	no.hit	1	no
Hexachlorophene	acute	IEI2	0.0000	0.3		4.37046	poly1	0.244059	no.hit	1	no
Hexachlorophene	acute	IEI3	0.0001	0.059833		46.2457	pow	0.556067	no.hit	1	no
Hexachlorophene	acute	ISI1	0.0000	6.56142e-07			hill	0.164601	no.hit,ac50.lowconc	2	no
Hexachlorophene	acute	ISI2	0.0000	9.66447e-05			exp4	0.191075	no.hit	1	no
Hexachlorophene	acute	ISI3	0.0000	6.0099e-07			exp5	0.27227	no.hit,ac50.lowconc	2	no
Hexachlorophene	acute	ASH1	0.0000	2.60226e-06			exp4	0.42219	no.hit,ac50.lowconc	2	no
Hexachlorophene	acute	ASR2/3	1.0000	0.3	0.175533	0.307797	poly1	3.41815		0	yes
Hexachlorophene	acute	ASH1/5	0.9992	0.133209	0.163818	1.11322	poly2	1.69287	acc.high	1	yes
Hexachlorophene	acute	ASHsum	0.9441	0.0596807	0.324974	2.07171	pow	1.20221	acc.high	1	yes
Tebuconazole	acute	BSL1	1.0000	40	14.2704	24.4563	poly1	5.60599		0	yes
Tebuconazole	acute	BSL2	1.0000	17.3799	8.70419	12.6736	hill	4.92543		0	yes
Tebuconazole	acute	BSL3	1.0000	10.4582	6.67457	9.45414	hill	3.86484		0	yes
Tebuconazole	acute	BSL4	1.0000	6.27997	5.04655	6.72244	hill	3.09408		0	yes
Tebuconazole	acute	VMR1	0.9734	19.2822	20.1639		exp5	1.59014	acc.high	1	yes
Tebuconazole	acute	VMR2	1.0000	20.1189	16.8376	19.9348	hill	3.51175		0	yes
Tebuconazole	acute	VMR3	1.0000	14.6944	8.92271	12.6253	exp5	4.18971		0	yes
Tebuconazole	acute	VMR4	1.0000	12.2389	7.30988	10.9531	hill	3.84957		0	yes
Tebuconazole	acute	VMR5	1.0000	8.21963	4.05088	8.164	exp4	3.45664		0	yes
Tebuconazole	acute	ASR1	0.9999	57.4853	43.2636	55.2683	poly2	3.6711		0	yes
Tebuconazole	acute	ASR2	1.0000	55.0644	36.3476	52.187	exp2	3.79847		0	yes
Tebuconazole	acute	ASR3	1.0000	46.076	26.3178	43.0476	pow	4.04197		0	yes
Tebuconazole	acute	VSR1	0.9989	6.91084	10.0807		exp5	1.20273	acc.high	1	yes
Tebuconazole	acute	VSR2	0.2905	17.8004	79.597	173.429	exp3	1.00252	no.hit,border,acc.high	3	no
Tebuconazole	acute	VSRB	0.9697	40	53.6542	91.1407	poly1	1.49103	acc.high,singlept.hit.mid	2	no
Tebuconazole	acute	IBI	0.9975	40	41.5397	78.6201	poly1	1.92587	acc.high	1	yes
Tebuconazole	acute	IEI1	0.7110	15.9048	62.7739	170.443	exp3	1.11623	no.hit,border,acc.high	3	no
Tebuconazole	acute	IEI2	0.7760	40	62.7405	101.409	poly1	1.27509	no.hit,acc.high	2	no
Tebuconazole	acute	IEI3	0.9352	40	56.807	110.616	poly1	1.40828	acc.high	1	yes
Tebuconazole	acute	ISI1	0.9718	15.5378	38.5703	112.97	exp3	1.37661	acc.high,singlept.hit.mid	2	no
Tebuconazole	acute	ISI2	0.7759	14.4393	52.0969	160.351	exp3	1.19969	no.hit,border,acc.high	3	no
Tebuconazole	acute	ISI3	0.8400	40	64.7591	138.666	poly1	1.23535	no.hit,acc.high	2	no
Tebuconazole	acute	ASH1	0.9281	12.2317	30.3837	108.148	poly2	1.07824	border,acc.high,singlept.hit.mid	3	no
Tebuconazole	acute	ASR2/3	0.9999	58.9782	45.0174	63.7717	exp2	3.3437		0	yes
Tebuconazole	acute	ASH1/5	0.0032	12.215		118.884	poly2	0.786708	no.hit	1	no
Tebuconazole	acute	ASHsum	1.0000	40	31.1313	53.0644	poly1	2.56976		0	yes
Trichlorfon	acute	BSL1	0.0000	1.96723e-05			exp5	0.477492	no.hit,ac50.lowconc	2	no
Trichlorfon	acute	BSL2	0.0138	2.26914			exp4	0.69623	no.hit	1	no
Trichlorfon	acute	BSL3	0.4516	0.244925			exp5	0.983834	no.hit,border,multipoint.neg	3	no
Trichlorfon	acute	BSL4	0.9900	3.11378	5.07826		exp4	1.47686	acc.high	1	yes
Trichlorfon	acute	VMR1	0.0000	4.26961			exp4	0.332883	no.hit	1	no
Trichlorfon	acute	VMR2	0.0082	1.15429e-05			exp5	0.723008	no.hit,ac50.lowconc	2	no
Trichlorfon	acute	VMR3	0.8700	2.12337	6.14593		exp4	1.15539	no.hit,border,acc.high,multipoint.neg	4	no
Trichlorfon	acute	VMR4	0.7062	1.78095	5.83663		exp4	1.11501	no.hit,border,acc.high,multipoint.neg	4	no
Trichlorfon	acute	VMR5	0.5816	2.33195	11.4983		exp4	1.0339	no.hit,border,acc.high,multipoint.neg	4	no
Trichlorfon	acute	ASR1	0.0000	8.93769e-06			exp4	0.165913	no.hit,ac50.lowconc	2	no
Trichlorfon	acute	ASR2	0.0000	4.78092e-05			exp5	0.258629	no.hit	1	no
Trichlorfon	acute	ASR3	0.0000	0.00804344			gnls	0.395575	no.hit	1	no
Trichlorfon	acute	VSR1	0.0000	0.00298904			exp4	0.381224	no.hit	1	no
Trichlorfon	acute	VSR2	0.0000	1.81886e-05			exp4	0.243549	no.hit,ac50.lowconc	2	no
Trichlorfon	acute	VSRB	0.0000	2.84656e-05			gnls	0.250257	no.hit,ac50.lowconc,glns.lowconc	3	no
Trichlorfon	acute	IBI	0.0000	4e-06			exp5	0.264752	no.hit,ac50.lowconc	2	no
Trichlorfon	acute	IEI1	0.0000	0.000218147			hill	0.278733	no.hit	1	no
Trichlorfon	acute	IEI2	0.0000	8.5128e-05			exp4	0.294612	no.hit	1	no
Trichlorfon	acute	IEI3	0.0000	4.23857e-05			exp4	0.292011	no.hit	1	no
Trichlorfon	acute	ISI1	0.0000	0.254212			hill	0.509296	no.hit	1	no
Trichlorfon	acute	ISI2	0.0000	0.00013438			exp4	0.290476	no.hit	1	no
Trichlorfon	acute	ISI3	0.0000	0.364206			exp4	0.449757	no.hit	1	no
Trichlorfon	acute	ASH1	0.0077	40		159.815	poly1	0.791241	no.hit	1	no
Trichlorfon	acute	ASR2/3	0.0000	4e-06			exp4	0.149174	no.hit,ac50.lowconc	2	no
Trichlorfon	acute	ASH1/5	0.0000	0.0414661			hill	0.419663	no.hit	1	no
Trichlorfon	acute	ASHsum	0.0000	3.15134			exp4	0.451691	no.hit	1	no
Triethyltin bromide	acute	BSL1	1.0000	3.8139	0.92569	1.7235	exp4	6.48162		0	yes
Triethyltin bromide	acute	BSL2	1.0000	2.03588	0.545677	1.0214	exp4	5.89841		0	yes
Triethyltin bromide	acute	BSL3	1.0000	1.60732	0.531379	1.00801	exp4	4.88299		0	yes
Triethyltin bromide	acute	BSL4	1.0000	2.20331	0.789372	1.53453	exp4	4.54801		0	yes
Triethyltin bromide	acute	VMR1	0.9734	0.131481	0.0562551	0.0780435	gnls	7.3238		0	yes
Triethyltin bromide	acute	VMR2	1.0000	2.24484	0.708484	1.33291	exp4	5.09005		0	yes
Triethyltin bromide	acute	VMR3	1.0000	1.94516	0.589344	1.1065	exp4	5.27937		0	yes
Triethyltin bromide	acute	VMR4	1.0000	2.20305	0.724528	1.37204	exp4	4.90626		0	yes
Triethyltin bromide	acute	VMR5	1.0000	2.3329	0.811683	1.56919	exp4	4.66736		0	yes
Triethyltin bromide	acute	ASR1	1.0000	1.20941	0.741722	1.48482	exp4	2.8877		0	yes
Triethyltin bromide	acute	ASR2	1.0000	1.51738	0.639966	1.20455	exp4	3.94501		0	yes
Triethyltin bromide	acute	ASR3	1.0000	1.33773	0.524128	1.02212	exp4	4.20479		0	yes
Triethyltin bromide	acute	VSR1	0.6499	2.48826	19.7783	150.009	pow	1.07385	no.hit,border,acc.high,multipoint.neg	4	no
Triethyltin bromide	acute	VSR2	0.9535	2.2556	6.61553		exp4	1.15039	border,acc.high	2	no
Triethyltin bromide	acute	VSRB	1.0000	2.79289	2.88344	7.25996	exp4	1.95647	acc.high	1	yes
Triethyltin bromide	acute	IBI	1.0000	3.09468	2.58648	8.41436	exp4	2.27472		0	yes
Triethyltin bromide	acute	IEI1	0.9969	0.451285	3.02784		exp5	1.35615	acc.high	1	yes
Triethyltin bromide	acute	IEI2	1.0000	0.536444	1.70979	167.482	exp5	1.55474	acc.high	1	yes
Triethyltin bromide	acute	IEI3	1.0000	1.17069	0.997921	15.1181	exp5	2.09714		0	yes
Triethyltin bromide	acute	ISI1	0.9999	1.16841	2.28562	25.8549	exp5	1.65445	acc.high	1	yes
Triethyltin bromide	acute	ISI2	0.9998	1.1058	2.98787	121.745	exp5	1.53363	acc.high	1	yes
Triethyltin bromide	acute	ISI3	0.9988	4.36509	3.79418	20.398	exp4	2.21206		0	yes
Triethyltin bromide	acute	ASH1	0.0000	0.0475013			gnls	0.57934	no.hit	1	no
Triethyltin bromide	acute	ASR2/3	1.0000	4.77984	3.97698	9.28329	poly2	2.33648		0	yes
Triethyltin bromide	acute	ASH1/5	0.4925	12.54	24.8393	45.3205	poly1	1.00969	no.hit,border,acc.high	3	no
Triethyltin bromide	acute	ASHsum	1.0000	2.08356	1.3782	3.32251	exp4	2.71922		0	yes
Acetaminophen	acute	BSL1	0.0000	1.8548			gnls	0.728482	no.hit,ac50.lowconc,glns.lowconc	3	no
Acetaminophen	acute	BSL2	0.0000	1.07609			gnls	0.546505	no.hit,ac50.lowconc,glns.lowconc	3	no
Acetaminophen	acute	BSL3	0.0000	1.18378			exp4	0.305852	no.hit,ac50.lowconc	2	no
Acetaminophen	acute	BSL4	0.0000	4.16172			exp4	0.480051	no.hit,ac50.lowconc	2	no
Acetaminophen	acute	VMR1	0.0001	40		559.156	poly1	0.32407	no.hit	1	no
Acetaminophen	acute	VMR2	0.0000	1.56589			exp4	0.397595	no.hit,ac50.lowconc	2	no
Acetaminophen	acute	VMR3	0.0000	0.596762			gnls	0.46136	no.hit,ac50.lowconc,glns.lowconc	3	no
Acetaminophen	acute	VMR4	0.0025	40		235.721	poly1	0.632611	no.hit	1	no
Acetaminophen	acute	VMR5	0.0000	0.44			exp4	0.360881	no.hit,ac50.lowconc	2	no
Acetaminophen	acute	ASR1	0.0000	2.30335			exp4	0.350689	no.hit,ac50.lowconc	2	no
Acetaminophen	acute	ASR2	0.0000	1.88941			exp4	0.353501	no.hit,ac50.lowconc	2	no
Acetaminophen	acute	ASR3	0.0000	14.059		147.07	poly2	0.535421	no.hit	1	no
Acetaminophen	acute	VSR1	0.0000	5.11284			exp4	0.261401	no.hit	1	no
Acetaminophen	acute	VSR2	0.0000	0.44			exp4	0.161578	no.hit,ac50.lowconc	2	no
Acetaminophen	acute	VSRB	0.0000	2.89873			exp4	0.304326	no.hit,ac50.lowconc	2	no
Acetaminophen	acute	IBI	0.0000	0.418064			gnls	0.639363	no.hit,ac50.lowconc,glns.lowconc	3	no
Acetaminophen	acute	IEI1	0.0000	0.95971			exp4	0.324905	no.hit,ac50.lowconc	2	no
Acetaminophen	acute	IEI2	0.0000	0.628423			gnls	0.533687	no.hit,ac50.lowconc,glns.lowconc	3	no
Acetaminophen	acute	IEI3	0.0000	0.44			exp4	0.426987	no.hit,ac50.lowconc	2	no
Acetaminophen	acute	ISI1	0.0000	1.00056			exp4	0.337223	no.hit,ac50.lowconc	2	no
Acetaminophen	acute	ISI2	0.0000	1.213			exp4	0.301984	no.hit,ac50.lowconc	2	no
Acetaminophen	acute	ISI3	0.0000	0.421133			gnls	0.523865	no.hit,ac50.lowconc,glns.lowconc	3	no
Acetaminophen	acute	ASH1	0.0000	1.48227			exp4	0.217703	no.hit,ac50.lowconc	2	no
Acetaminophen	acute	ASR2/3	0.0000	0.440003			exp4	0.359812	no.hit,ac50.lowconc	2	no
Acetaminophen	acute	ASH1/5	0.0000	20.7607			exp4	0.208182	no.hit	1	no
Acetaminophen	acute	ASHsum	0.0000	3.22955			exp4	0.455006	no.hit,ac50.lowconc	2	no
BDE-99	acute	BSL1	0.0000	0.44			exp4	0.64592	no.hit,ac50.lowconc	2	no
BDE-99	acute	BSL2	0.0000	1.34818			exp4	0.525919	no.hit,ac50.lowconc	2	no
BDE-99	acute	BSL3	0.0000	5.52874			exp5	0.536015	no.hit	1	no
BDE-99	acute	BSL4	0.9013	40	56.589	96.6279	poly1	1.4137	acc.high,singlept.hit.mid	2	no
BDE-99	acute	VMR1	0.0000	40		388.282	poly1	0.369228	no.hit	1	no
BDE-99	acute	VMR2	0.0000	0.44			exp4	0.254391	no.hit,ac50.lowconc	2	no
BDE-99	acute	VMR3	0.0000	1.17539			exp4	0.319775	no.hit,ac50.lowconc	2	no
BDE-99	acute	VMR4	0.0000	1.57753			exp4	0.537271	no.hit,ac50.lowconc	2	no
BDE-99	acute	VMR5	0.4320	4.16389			gnls	0.99453	no.hit,ac50.lowconc,border,glns.lowconc,multipoint.neg	5	no
BDE-99	acute	ASR1	0.0000	2.15285			exp4	0.208125	no.hit,ac50.lowconc	2	no
BDE-99	acute	ASR2	0.0000	0.44			exp4	0.211647	no.hit,ac50.lowconc	2	no
BDE-99	acute	ASR3	0.0000	0.44			exp4	0.190816	no.hit,ac50.lowconc	2	no
BDE-99	acute	VSR1	0.0000	40		780.991	poly1	0.171395	no.hit	1	no
BDE-99	acute	VSR2	0.0000	0.732132			gnls	0.186493	no.hit,ac50.lowconc,glns.lowconc	3	no
BDE-99	acute	VSRB	0.0000	11.9455		119.255	poly2	0.604428	no.hit	1	no
BDE-99	acute	IBI	0.0099	40		196.8	poly1	0.657866	no.hit	1	no
BDE-99	acute	IEI1	0.0000	27.7598			exp5	0.704612	no.hit	1	no
BDE-99	acute	IEI2	0.0000	31.6815			exp5	0.875171	no.hit,border	2	no
BDE-99	acute	IEI3	0.0001	40		344.023	poly1	0.4326	no.hit	1	no
BDE-99	acute	ISI1	0.0000	24.2925			exp5	0.884336	no.hit,border	2	no
BDE-99	acute	ISI2	0.0000	40		198.944	poly1	0.763824	no.hit	1	no
BDE-99	acute	ISI3	0.0071	0.44			exp4	0.709455	no.hit,ac50.lowconc	2	no
BDE-99	acute	ASH1	0.0000	40		292.829	poly1	0.41308	no.hit	1	no
BDE-99	acute	ASR2/3	0.0000	0.44			exp4	0.159232	no.hit,ac50.lowconc	2	no
BDE-99	acute	ASH1/5	0.0000	7.93701		66678.2	pow	0.225257	no.hit	1	no
BDE-99	acute	ASHsum	0.0000	40		327.282	poly1	0.430732	no.hit	1	no
D-Mannitol	acute	BSL1	0.0000	1.78379			exp4	0.317247	no.hit,ac50.lowconc	2	no
D-Mannitol	acute	BSL2	0.0000	0.868885			gnls	0.465636	no.hit,ac50.lowconc,glns.lowconc	3	no
D-Mannitol	acute	BSL3	0.0004	4.83325			exp5	0.683126	no.hit	1	no
D-Mannitol	acute	BSL4	0.2120	2.47171			exp4	0.874805	no.hit,ac50.lowconc,border,multipoint.neg	4	no
D-Mannitol	acute	VMR1	0.0000	6.88604			exp4	0.312534	no.hit	1	no
D-Mannitol	acute	VMR2	0.0278	40		174.336	poly1	0.787834	no.hit	1	no
D-Mannitol	acute	VMR3	0.0000	1.53617			exp4	0.184945	no.hit,ac50.lowconc	2	no
D-Mannitol	acute	VMR4	0.0028	0.575273			exp4	0.453008	no.hit,ac50.lowconc,multipoint.neg	3	no
D-Mannitol	acute	VMR5	0.3933	5.94983			hill	0.991744	no.hit,border,multipoint.neg	3	no
D-Mannitol	acute	ASR1	0.0000	7.93765		21343.1	pow	0.311473	no.hit	1	no
D-Mannitol	acute	ASR2	0.0000	23.2462			exp4	0.300759	no.hit	1	no
D-Mannitol	acute	ASR3	0.0000	14.3747			poly2	0.276828	no.hit	1	no
D-Mannitol	acute	VSR1	0.0000	2.16236			gnls	0.305255	no.hit,ac50.lowconc,glns.lowconc	3	no
D-Mannitol	acute	VSR2	0.0000	12.0098		156.003	poly2	0.227456	no.hit	1	no
D-Mannitol	acute	VSRB	0.0000	12.2009		120.417	poly2	0.628264	no.hit	1	no
D-Mannitol	acute	IBI	0.0000	1.40056			exp4	0.116769	no.hit,ac50.lowconc	2	no
D-Mannitol	acute	IEI1	0.0000	52.884		198.824	poly2	0.349209	no.hit	1	no
D-Mannitol	acute	IEI2	0.0000	40			poly1	0.382033	no.hit	1	no
D-Mannitol	acute	IEI3	0.0000	19.9507			exp5	0.14405	no.hit	1	no
D-Mannitol	acute	ISI1	0.0000	10.6279			exp4	0.243253	no.hit	1	no
D-Mannitol	acute	ISI2	0.0000	67.0056		106.344	exp3	0.44875	no.hit	1	no
D-Mannitol	acute	ISI3	0.0000	0.44			exp4	0.21397	no.hit,ac50.lowconc	2	no
D-Mannitol	acute	ASH1	0.0000	0.44			exp4	0.109058	no.hit,ac50.lowconc	2	no
D-Mannitol	acute	ASR2/3	0.0000	0.44			exp4	0.218549	no.hit,ac50.lowconc	2	no
D-Mannitol	acute	ASH1/5	0.0000	18.9233			pow	0.317354	no.hit	1	no
D-Mannitol	acute	ASHsum	0.0000	22.5908			hill	0.874112	no.hit,border	2	no
5,5-Diphenylhydantoin	acute	BSL1	0.0000	3.03127			exp4	0.515299	0.359798271	1	no
5,5-Diphenylhydantoin	acute	BSL2	0.0000	7.0433			exp5	0.624684	0.424906638	1	no
5,5-Diphenylhydantoin	acute	BSL3	0.0000	8.15067			exp4	0.475247	Inf	1	no
5,5-Diphenylhydantoin	acute	BSL4	0.9086	0.0843141	0.85825		gnls	1.37672	Inf	1	yes
5,5-Diphenylhydantoin	acute	VMR1	0.0000	30.2498			exp5	0.689207	Inf	1	no
5,5-Diphenylhydantoin	acute	VMR2	0.0777	0.44			exp4	0.730353	Inf	1	no
5,5-Diphenylhydantoin	acute	VMR3	0.5645	40	72.5824	128.744	poly1	1.1022	0.435048188	1	no
5,5-Diphenylhydantoin	acute	VMR4	0.9985	40	43.7644	77.0896	poly1	1.82797	Inf	1	yes
5,5-Diphenylhydantoin	acute	VMR5	0.6988	7.64342	29.0312		exp4	1.07691	Inf	1	no
5,5-Diphenylhydantoin	acute	ASR1	0.0000	0.44			exp4	0.286706		0	no
5,5-Diphenylhydantoin	acute	ASR2	0.0000	2.58022			exp4	0.167707		0	no
5,5-Diphenylhydantoin	acute	ASR3	1.0000	20.981	23.346	77.3178	pow	1.89238		0	yes
5,5-Diphenylhydantoin	acute	VSR1	0.9994	24.5835	18.8369	39.5234	poly2	2.50983		0	yes
5,5-Diphenylhydantoin	acute	VSR2	0.0000	40		212.431	poly1	0.551965		0	no
5,5-Diphenylhydantoin	acute	VSRB	0.0000	14.9001		137.421	poly2	0.831591		0	no
5,5-Diphenylhydantoin	acute	IBI	0.0000	16.1117			exp4	0.867248		0	no
5,5-Diphenylhydantoin	acute	IEI1	0.8576	6.8565	20.6909		exp4	1.14067		0	no
5,5-Diphenylhydantoin	acute	IEI2	0.0000	1.60117			exp4	0.322408		0	no
5,5-Diphenylhydantoin	acute	IEI3	0.0000	16.7427		170.715	poly2	0.606837		0	no
5,5-Diphenylhydantoin	acute	ISI1	0.6112	10.7367	44.3494		exp4	1.0558		0	no
5,5-Diphenylhydantoin	acute	ISI2	0.0968	5.97929			exp4	0.838347		0	no
5,5-Diphenylhydantoin	acute	ISI3	0.0032	40		376.073	poly1	0.368606		0	no
5,5-Diphenylhydantoin	acute	ASH1	0.0000	40		209.703	poly1	0.622183		0	no
5,5-Diphenylhydantoin	acute	ASR2/3	1.0000	16.222	17.5508	74.9345	pow	1.93276		0	yes
5,5-Diphenylhydantoin	acute	ASH1/5	0.9995	18.2722	19.2447	50.2216	poly2	1.91643		0	yes
5,5-Diphenylhydantoin	acute	ASHsum	0.9861	40	50.7498	88.2404	poly1	1.57636		0	yes
Ibuprofen	acute	BSL1	0.0000	2.79738			exp4	0.29407	no.hit,ac50.lowconc	2	no
Ibuprofen	acute	BSL2	0.0000	2.45421			exp4	0.39246	no.hit,ac50.lowconc	2	no
Ibuprofen	acute	BSL3	0.0000	11.809		125.986	poly2	0.513683	no.hit	1	no
Ibuprofen	acute	BSL4	0.0000	0.44			exp4	0.316772	no.hit,ac50.lowconc	2	no
Ibuprofen	acute	VMR1	0.0000	7.0176			hill	0.506009	no.hit	1	no
Ibuprofen	acute	VMR2	0.0000	1.8042			exp4	0.340752	no.hit,ac50.lowconc	2	no
Ibuprofen	acute	VMR3	0.0000	2.97501			exp4	0.314865	no.hit,ac50.lowconc	2	no
Ibuprofen	acute	VMR4	0.0000	3.6395			exp4	0.326699	no.hit,ac50.lowconc	2	no
Ibuprofen	acute	VMR5	0.0000	9.62239			exp5	0.729912	no.hit	1	no
Ibuprofen	acute	ASR1	0.0000	1.01323			exp4	0.243203	no.hit,ac50.lowconc	2	no
Ibuprofen	acute	ASR2	0.0000	2.46483			exp4	0.408657	no.hit,ac50.lowconc	2	no
Ibuprofen	acute	ASR3	0.0000	5.64816			gnls	0.600008	no.hit	1	no
Ibuprofen	acute	VSR1	0.0000	1.95457			gnls	0.317617	no.hit,ac50.lowconc,glns.lowconc	3	no
Ibuprofen	acute	VSR2	0.0000	16.4693		169.532	poly2	0.467346	no.hit	1	no
Ibuprofen	acute	VSRB	0.0000	1.80895			exp4	0.146888	no.hit,ac50.lowconc	2	no
Ibuprofen	acute	IBI	0.0000	4.30793			exp4	0.404758	no.hit,ac50.lowconc	2	no
Ibuprofen	acute	IEI1	0.0000	11.6562		139.168	poly2	0.351103	no.hit	1	no
Ibuprofen	acute	IEI2	0.0000	4.32332			exp4	0.286949	no.hit,ac50.lowconc	2	no
Ibuprofen	acute	IEI3	0.0000	7.0126			exp5	0.467642	no.hit	1	no
Ibuprofen	acute	ISI1	0.0000	3.23556			exp4	0.144869	no.hit,ac50.lowconc	2	no
Ibuprofen	acute	ISI2	0.0000	4.15577			exp4	0.229975	no.hit,ac50.lowconc	2	no
Ibuprofen	acute	ISI3	0.0000	10.6784			exp5	0.284349	no.hit	1	no
Ibuprofen	acute	ASH1	0.0000	0.44			exp4	0.100291	no.hit,ac50.lowconc	2	no
Ibuprofen	acute	ASR2/3	0.0000	40		296.729	poly1	0.527164	no.hit	1	no
Ibuprofen	acute	ASH1/5	0.0000	12.8254		183.93	poly2	0.202029	no.hit	1	no
Ibuprofen	acute	ASHsum	0.0000	1.57059			exp4	0.160715	no.hit,ac50.lowconc	2	no
Ketamine hydrochloride	acute	BSL1	1.0000	24.8949	15.5441	31.9671	exp4	2.92429		0	yes
Ketamine hydrochloride	acute	BSL2	1.0000	21.2261	10.6824	21.6441	exp4	3.46912		0	yes
Ketamine hydrochloride	acute	BSL3	1.0000	16.297	9.63203	17.7304	hill	3.2465		0	yes
Ketamine hydrochloride	acute	BSL4	1.0000	15.0312	9.619	20.4434	exp4	2.80308		0	yes
Ketamine hydrochloride	acute	VMR1	0.0005	10.6629			hill	0.907417	no.hit,border	2	no
Ketamine hydrochloride	acute	VMR2	1.0000	25.7803	18.6743	25.5164	exp5	3.52183		0	yes
Ketamine hydrochloride	acute	VMR3	1.0000	24.3498	14.6789	23.4758	exp5	3.60728		0	yes
Ketamine hydrochloride	acute	VMR4	1.0000	21.3669	13.0092	21.8987	exp5	3.37622		0	yes
Ketamine hydrochloride	acute	VMR5	1.0000	16.3829	12.4729	19.6723	hill	2.8478		0	yes
Ketamine hydrochloride	acute	ASR1	0.0113	9.32266		746.548	pow	0.807336	no.hit,border	2	no
Ketamine hydrochloride	acute	ASR2	0.0000	0.44			exp4	0.112752	no.hit,ac50.lowconc	2	no
Ketamine hydrochloride	acute	ASR3	0.0222	40		162.397	poly1	0.918536	no.hit,border	2	no
Ketamine hydrochloride	acute	VSR1	0.0000	3.64464			exp4	0.470929	no.hit,ac50.lowconc	2	no
Ketamine hydrochloride	acute	VSR2	0.0000	17.6993			hill	0.810297	no.hit,border	2	no
Ketamine hydrochloride	acute	VSRB	0.0048	40		181.878	poly1	0.717217	no.hit	1	no
Ketamine hydrochloride	acute	IBI	1.0000	43.2951	41.5243	54.7045	exp5	2.18716		0	yes
Ketamine hydrochloride	acute	IEI1	0.0007	12.1649		117.446	poly2	0.683455	no.hit	1	no
Ketamine hydrochloride	acute	IEI2	0.0000	6.01458			exp5	0.452937	no.hit	1	no
Ketamine hydrochloride	acute	IEI3	0.0000	40		201.984	poly1	0.659749	no.hit	1	no
Ketamine hydrochloride	acute	ISI1	0.0000	5.89324			exp5	0.691948	no.hit	1	no
Ketamine hydrochloride	acute	ISI2	0.0000	3.1699			exp4	0.519871	no.hit,ac50.lowconc	2	no
Ketamine hydrochloride	acute	ISI3	0.0000	6.29873			exp4	0.438425	no.hit	1	no
Ketamine hydrochloride	acute	ASH1	0.9942	21.7451	51.7577		exp4	1.17702	border,acc.high,singlept.hit.mid	3	no
Ketamine hydrochloride	acute	ASR2/3	0.0000	17.5858			exp5	0.766289	no.hit	1	no
Ketamine hydrochloride	acute	ASH1/5	0.0007	13.3837		137.535	poly2	0.629828	no.hit	1	no
Ketamine hydrochloride	acute	ASHsum	1.0000	31.8558	25.3688	40.9401	hill	2.7121		0	yes
Maneb	acute	BSL1	0.0000	0.024			exp4	0.338143	no.hit,ac50.lowconc	2	no
Maneb	acute	BSL2	0.0000	1.01482			exp5	0.656616	no.hit	1	no
Maneb	acute	BSL3	0.7083	0.672712	2.11982		exp4	1.11912	no.hit,border,acc.high,multipoint.neg	4	no
Maneb	acute	BSL4	0.9882	2.205	1.93689	3.44284	poly1	2.27685		0	yes
Maneb	acute	VMR1	0.1506	0.918539			exp4	0.886348	no.hit,border	2	no
Maneb	acute	VMR2	0.9620	2.205	2.98393	5.26674	poly1	1.47792	acc.high	1	yes
Maneb	acute	VMR3	0.0004	0.585649			exp5	0.74576	no.hit	1	no
Maneb	acute	VMR4	0.9963	1.06083	1.13169		exp5	1.45492	acc.high	1	yes
Maneb	acute	VMR5	0.8289	0.333114	0.482284		exp4	1.5787	no.hit,acc.high,multipoint.neg	3	no
Maneb	acute	ASR1	0.0000	0.024			exp4	0.371944	no.hit,ac50.lowconc	2	no
Maneb	acute	ASR2	0.0001	0.024			exp4	0.608848	no.hit,ac50.lowconc	2	no
Maneb	acute	ASR3	0.9843	0.761581	1.00803	6.36585	poly2	1.59985	acc.high	1	yes
Maneb	acute	VSR1	0.0011	2.205		10.3646	poly1	0.726103	no.hit	1	no
Maneb	acute	VSR2	0.0000	0.704964		8.40359	poly2	0.307691	no.hit	1	no
Maneb	acute	VSRB	0.0000	0.024			exp4	0.200557	no.hit,ac50.lowconc	2	no
Maneb	acute	IBI	0.0016	0.0984101			exp4	0.708862	no.hit,ac50.lowconc	2	no
Maneb	acute	IEI1	0.2472	2.205		8.20257	poly1	0.901019	no.hit,border	2	no
Maneb	acute	IEI2	0.0000	0.155066			exp4	0.382055	no.hit,ac50.lowconc	2	no
Maneb	acute	IEI3	0.0000	0.024			exp4	0.353319	no.hit,ac50.lowconc	2	no
Maneb	acute	ISI1	0.0700	2.205		11.2872	poly1	0.633849	no.hit	1	no
Maneb	acute	ISI2	0.0012	0.273071			exp4	0.450355	no.hit	1	no
Maneb	acute	ISI3	0.0016	0.635872		6.66987	poly2	0.650421	no.hit	1	no
Maneb	acute	ASH1	1.0000	0.251507	0.349353		gnls	1.11706	border,acc.high	2	no
Maneb	acute	ASR2/3	0.0000	0.800879		7.67728	poly2	0.802607	no.hit,border	2	no
Maneb	acute	ASH1/5	0.0000	0.117913			exp4	0.332686	no.hit,ac50.lowconc	2	no
Maneb	acute	ASHsum	0.9990	0.0641482	0.482553		gnls	1.23333	ac50.lowconc,acc.high,glns.lowconc	3	no
PFOA	acute	BSL1	0.0041	1.45857			exp4	0.552241	no.hit,ac50.lowconc	2	no
PFOA	acute	BSL2	0.0068	1.95087			exp4	0.487801	no.hit,ac50.lowconc,multipoint.neg	3	no
PFOA	acute	BSL3	0.0068	1.90908			exp4	0.467252	no.hit,ac50.lowconc,multipoint.neg	3	no
PFOA	acute	BSL4	0.0018	4.84796			exp5	0.827377	no.hit,border	2	no
PFOA	acute	VMR1	1.0000	11.9409	12.7054	98.8267	poly2	1.90054	acc.high	1	yes
PFOA	acute	VMR2	0.0000	2.16309			exp4	0.357545	no.hit,ac50.lowconc	2	no
PFOA	acute	VMR3	0.0007	0.874397			exp4	0.434776	no.hit,ac50.lowconc	2	no
PFOA	acute	VMR4	0.0023	1.89231			exp4	0.486203	no.hit,ac50.lowconc	2	no
PFOA	acute	VMR5	0.0023	11.9049		119.707	poly2	0.636993	no.hit	1	no
PFOA	acute	ASR1	0.0000	40		305.59	poly1	0.444406	no.hit	1	no
PFOA	acute	ASR2	0.0000	0.44			exp4	0.221147	no.hit,ac50.lowconc	2	no
PFOA	acute	ASR3	0.0000	0.44			exp4	0.245993	no.hit,ac50.lowconc	2	no
PFOA	acute	VSR1	0.0001	40		451.739	poly1	0.316178	no.hit	1	no
PFOA	acute	VSR2	0.0000	14.1726			poly2	0.203295	no.hit	1	no
PFOA	acute	VSRB	0.0000	0.44			exp4	0.261726	no.hit,ac50.lowconc	2	no
PFOA	acute	IBI	0.0000	0.909076			exp4	0.467413	no.hit,ac50.lowconc	2	no
PFOA	acute	IEI1	0.0000	2.39724			exp4	0.282854	no.hit,ac50.lowconc	2	no
PFOA	acute	IEI2	0.0000	40		463	poly1	0.306379	no.hit	1	no
PFOA	acute	IEI3	0.0000	0.44			exp4	0.379453	no.hit,ac50.lowconc	2	no
PFOA	acute	ISI1	0.0000	40		658.943	poly1	0.199437	no.hit	1	no
PFOA	acute	ISI2	0.0000	40		257.603	poly1	0.543842	no.hit	1	no
PFOA	acute	ISI3	0.0000	0.44			exp4	0.38209	no.hit,ac50.lowconc	2	no
PFOA	acute	ASH1	0.0000	2.02178			gnls	0.38872	no.hit,ac50.lowconc,glns.lowconc	3	no
PFOA	acute	ASR2/3	0.0000	1.49479			exp4	0.102175	no.hit,ac50.lowconc	2	no
PFOA	acute	ASH1/5	0.0000	5.47109			hill	0.337731	no.hit	1	no
PFOA	acute	ASHsum	0.0004	40		264.794	poly1	0.564388	no.hit	1	no
Saccharin	acute	BSL1	0.0000	0.44			exp4	0.53599	no.hit,ac50.lowconc	2	no
Saccharin	acute	BSL2	0.0000	0.44			exp4	0.618293	no.hit,ac50.lowconc	2	no
Saccharin	acute	BSL3	0.0003	0.44			exp4	0.603652	no.hit,ac50.lowconc	2	no
Saccharin	acute	BSL4	0.0867	0.44			exp4	0.694799	no.hit,ac50.lowconc,multipoint.neg	3	no
Saccharin	acute	VMR1	0.0000	11.862		152.267	poly2	0.310845	no.hit	1	no
Saccharin	acute	VMR2	0.0000	10.1327			exp4	0.451629	no.hit	1	no
Saccharin	acute	VMR3	0.0000	0.44			exp4	0.38637	no.hit,ac50.lowconc	2	no
Saccharin	acute	VMR4	0.0017	0.440586			gnls	0.804382	no.hit,ac50.lowconc,border,glns.lowconc	4	no
Saccharin	acute	VMR5	0.2848	40		160.846	poly1	0.936181	no.hit,border,multipoint.neg	3	no
Saccharin	acute	ASR1	0.0000	0.44			exp4	0.378474	no.hit,ac50.lowconc	2	no
Saccharin	acute	ASR2	0.0000	0.440004			exp4	0.439322	no.hit,ac50.lowconc	2	no
Saccharin	acute	ASR3	0.0019	40		217.137	poly1	0.642709	no.hit	1	no
Saccharin	acute	VSR1	0.0000	0.44			exp4	0.148265	no.hit,ac50.lowconc	2	no
Saccharin	acute	VSR2	0.0000	0.44			exp4	0.121012	no.hit,ac50.lowconc	2	no
Saccharin	acute	VSRB	0.0000	40		554.756	poly1	0.237528	no.hit	1	no
Saccharin	acute	IBI	0.0000	0.442307			exp4	0.292236	no.hit,ac50.lowconc	2	no
Saccharin	acute	IEI1	0.0000	3.34088			exp4	0.34552	no.hit,ac50.lowconc	2	no
Saccharin	acute	IEI2	0.0000	0.44			exp4	0.273961	no.hit,ac50.lowconc	2	no
Saccharin	acute	IEI3	0.0000	40		532.305	poly1	0.272911	no.hit	1	no
Saccharin	acute	ISI1	0.0000	0.44			exp4	0.339736	no.hit,ac50.lowconc	2	no
Saccharin	acute	ISI2	0.0000	0.44			exp4	0.30404	no.hit,ac50.lowconc	2	no
Saccharin	acute	ISI3	0.0000	40		620.821	poly1	0.241542	no.hit	1	no
Saccharin	acute	ASH1	0.0000	1.24594			gnls	0.515705	no.hit,ac50.lowconc,glns.lowconc	3	no
Saccharin	acute	ASR2/3	0.0000	2.15448			exp4	0.175931	no.hit,ac50.lowconc	2	no
Saccharin	acute	ASH1/5	0.0000	40		995.655	poly1	0.159804	no.hit	1	no
Saccharin	acute	ASHsum	0.0000	0.440181			exp4	0.340491	no.hit,ac50.lowconc	2	no
Sodium benzoate	acute	BSL1	0.0000	2.60457			exp4	0.353011	Inf	1	no
Sodium benzoate	acute	BSL2	0.0000	0.986044			exp4	0.277533	Inf	1	no
Sodium benzoate	acute	BSL3	0.0000	0.44			exp4	0.334475	Inf	1	no
Sodium benzoate	acute	BSL4	0.0322	0.0866536			gnls	0.889963	Inf	1	no
Sodium benzoate	acute	VMR1	0.0027	40		228.405	poly1	0.678397	Inf	1	no
Sodium benzoate	acute	VMR2	0.5124	40	74.4247	127.295	poly1	1.07491	Inf	1	no
Sodium benzoate	acute	VMR3	0.0000	0.638945			exp4	0.284785	Inf	1	no
Sodium benzoate	acute	VMR4	0.0852	40		165.658	poly1	0.825278	Inf	1	no
Sodium benzoate	acute	VMR5	0.0001	0.44			exp4	0.624895	Inf	1	no
Sodium benzoate	acute	ASR1	0.0000	2.11771			exp4	0.403313		0	no
Sodium benzoate	acute	ASR2	0.0000	0.411735			gnls	0.497475		0	no
Sodium benzoate	acute	ASR3	0.0000	0.44			exp4	0.174601		0	no
Sodium benzoate	acute	VSR1	0.0000	0.44			exp4	0.175445		0	no
Sodium benzoate	acute	VSR2	0.0000	7.93708		11030.8	pow	0.37899		0	no
Sodium benzoate	acute	VSRB	0.0001	40		428.982	poly1	0.297377		0	no
Sodium benzoate	acute	IBI	0.0000	40		491.453	poly1	0.31289		0	no
Sodium benzoate	acute	IEI1	0.0000	0.44			exp4	0.203335		0	no
Sodium benzoate	acute	IEI2	0.0000	0.44			exp4	0.155512		0	no
Sodium benzoate	acute	IEI3	0.0009	40		196.358	poly1	0.736018		0	no
Sodium benzoate	acute	ISI1	0.0000	0.44			exp4	0.168484		0	no
Sodium benzoate	acute	ISI2	0.0000	0.106295			gnls	0.262558		0	no
Sodium benzoate	acute	ISI3	0.0000	0.44			exp4	0.197383		0	no
Sodium benzoate	acute	ASH1	0.0000	13.1272		148.196	poly2	0.387527		0	no
Sodium benzoate	acute	ASR2/3	0.0000	2.15825			exp4	0.300317		0	no
Sodium benzoate	acute	ASH1/5	0.0000	0.44			exp4	0.220507		0	no
Sodium benzoate	acute	ASHsum	0.0000	32.4802			exp5	0.582557		0	no
Nicotine	acute	BSL1	0.2436	1.74273			exp4	0.947128	no.hit,border	2	no
Nicotine	acute	BSL2	0.0007	0.530722			exp4	0.531001	no.hit,ac50.lowconc	2	no
Nicotine	acute	BSL3	0.0921	0.498964			exp4	0.736769	no.hit,ac50.lowconc,multipoint.neg	3	no
Nicotine	acute	BSL4	0.0187	0.850837			exp4	0.68052	no.hit,ac50.lowconc	2	no
Nicotine	acute	VMR1	0.0076	4.91114		47.7118	poly2	0.775118	no.hit,bmd.high	2	no
Nicotine	acute	VMR2	0.9856	5.60054	12.2464		exp4	1.2537		0	yes
Nicotine	acute	VMR3	0.0002	1.94519			exp5	0.588643	no.hit	1	no
Nicotine	acute	VMR4	0.0017	0.621761			exp4	0.39834	no.hit,ac50.lowconc,multipoint.neg	3	no
Nicotine	acute	VMR5	0.0001	0.413082			exp4	0.381565	no.hit,ac50.lowconc	2	no
Nicotine	acute	ASR1	0.0030	3.95258		37.1997	poly2	0.829619	no.hit,border,bmd.high	3	no
Nicotine	acute	ASR2	0.9948	4.15154	7.89919	35.8845	poly2	1.24372	bmd.high,singlept.hit.mid	2	no
Nicotine	acute	ASR3	0.0190	3.95585		36.065	poly2	0.975103	no.hit,border,bmd.high	3	no
Nicotine	acute	VSR1	0.0000	4.14113		40.4337	poly2	0.679464	no.hit,bmd.high	2	no
Nicotine	acute	VSR2	0.9830	5.70082	6.31631		hill	1.44034		0	yes
Nicotine	acute	VSRB	0.9625	7.20699	16.2523	37.9848	pow	1.27307	bmd.high,singlept.hit.mid	2	no
Nicotine	acute	IBI	0.0038	0.14			exp4	0.613456	no.hit,ac50.lowconc	2	no
Nicotine	acute	IEI1	0.0000	12.55		140.349	poly1	0.300691	no.hit,bmd.high	2	no
Nicotine	acute	IEI2	0.0002	12.55		131.238	poly1	0.341961	no.hit,bmd.high	2	no
Nicotine	acute	IEI3	0.0003	0.14			exp4	0.538059	no.hit,ac50.lowconc	2	no
Nicotine	acute	ISI1	0.0000	12.55		138.003	poly1	0.306774	no.hit,bmd.high	2	no
Nicotine	acute	ISI2	0.0000	4.4577		53.5369	poly2	0.328471	no.hit,bmd.high	2	no
Nicotine	acute	ISI3	0.0020	0.14			exp4	0.6933	no.hit,ac50.lowconc	2	no
Nicotine	acute	ASH1	0.9547	0.224519	0.717596		gnls	1.12103	ac50.lowconc,border,glns.lowconc	3	no
Nicotine	acute	ASR2/3	0.0185	3.17031			exp5	0.84374	no.hit,border	2	no
Nicotine	acute	ASH1/5	0.0000	4.54094		47.7598	poly2	0.545738	no.hit,bmd.high	2	no
Nicotine	acute	ASHsum	0.4876	0.14			exp4	0.997117	no.hit,ac50.lowconc,border,multipoint.neg	4	no
5,5-Diphenylhydantoin	developmental	BSL1	0.0000	0.00670232			gnls	0.7005	no.hit,ac50.lowconc,glns.lowconc	3	no
5,5-Diphenylhydantoin	developmental	BSL2	0.0000	0.00484883			exp4	0.351479	no.hit,ac50.lowconc	2	no
5,5-Diphenylhydantoin	developmental	BSL3	0.0000	0.0174395			exp4	0.38655	no.hit	1	no
5,5-Diphenylhydantoin	developmental	BSL4	0.1534	40		139.734	poly1	0.858803	no.hit,border,bmd.high	3	no
5,5-Diphenylhydantoin	developmental	VMR1	0.2227	0.830951			hill	0.883686	no.hit,border	2	no
5,5-Diphenylhydantoin	developmental	VMR2	0.0000	0.000800134			hill	0.256734	no.hit,ac50.lowconc	2	no
5,5-Diphenylhydantoin	developmental	VMR3	0.0068	0.223862			hill	0.669645	no.hit	1	no
5,5-Diphenylhydantoin	developmental	VMR4	0.0004	0.000408329			gnls	0.696804	no.hit,ac50.lowconc,glns.lowconc	3	no
5,5-Diphenylhydantoin	developmental	VMR5	0.0000	0.000652123			hill	0.496159	no.hit,ac50.lowconc	2	no
5,5-Diphenylhydantoin	developmental	ASR1	0.0219	0.00367236			exp4	0.879494	no.hit,ac50.lowconc,border,multipoint.neg	4	no
5,5-Diphenylhydantoin	developmental	ASR2	0.0000	0.000800017			hill	0.562767	no.hit,ac50.lowconc	2	no
5,5-Diphenylhydantoin	developmental	ASR3	0.0000	0.0196867			exp4	0.590259	no.hit	1	no
5,5-Diphenylhydantoin	developmental	VSR1	0.0000	0.0223136			gnls	0.305006	no.hit	1	no
5,5-Diphenylhydantoin	developmental	VSR2	0.0000	0.0150783			exp5	0.236536	no.hit	1	no
5,5-Diphenylhydantoin	developmental	VSRB	0.0000	0.000800121			exp5	0.140882	no.hit,ac50.lowconc	2	no
5,5-Diphenylhydantoin	developmental	IBI	0.0000	0.000800045			hill	0.647622	no.hit,ac50.lowconc	2	no
5,5-Diphenylhydantoin	developmental	IEI1	0.0000	0.0043221			hill	0.492285	no.hit,ac50.lowconc	2	no
5,5-Diphenylhydantoin	developmental	IEI2	0.0000	0.000118089			gnls	0.459666	no.hit,ac50.lowconc,glns.lowconc	3	no
5,5-Diphenylhydantoin	developmental	IEI3	0.0000	0.00128413			exp4	0.486918	no.hit,ac50.lowconc	2	no
5,5-Diphenylhydantoin	developmental	ISI1	0.1689	40		162.642	poly1	0.860093	no.hit,border,bmd.high	3	no
5,5-Diphenylhydantoin	developmental	ISI2	0.0000	0.0008			exp4	0.4079	no.hit,ac50.lowconc	2	no
5,5-Diphenylhydantoin	developmental	ISI3	0.0000	0.0178293			exp4	0.532703	no.hit	1	no
5,5-Diphenylhydantoin	developmental	ASH1	0.0000	0.0159581			gnls	0.55901	no.hit	1	no
5,5-Diphenylhydantoin	developmental	ASR2/3	0.0000	0.0008			exp4	0.356776	no.hit,ac50.lowconc	2	no
5,5-Diphenylhydantoin	developmental	ASH1/5	0.0488	40		174.105	poly1	0.86778	no.hit,border,bmd.high	3	no
5,5-Diphenylhydantoin	developmental	ASHsum	0.0041	0.000799992			hill	0.859479	no.hit,ac50.lowconc,border	3	no
BDE-99	developmental	BSL1	0.8677	0.225765	12.0033		hill	1.15909		0	no
BDE-99	developmental	BSL2	0.0116	0.0008			exp4	0.793505		0	no
BDE-99	developmental	BSL3	0.3093	0.000801958			gnls	0.978109		0	no
BDE-99	developmental	BSL4	1.0000	0.00646015	0.00793201		gnls	1.20985		0	yes
BDE-99	developmental	VMR1	0.0003	0.000766635			gnls	0.616431		0	no
BDE-99	developmental	VMR2	0.0003	0.0283738			exp4	0.617536		0	no
BDE-99	developmental	VMR3	0.2706	0.0278176			gnls	0.949813		0	no
BDE-99	developmental	VMR4	1.0000	0.00774833	0.00837924	0.0105153	gnls	1.6179		0	yes
BDE-99	developmental	VMR5	1.0000	0.00820465	0.011193		gnls	1.38748		0	yes
BDE-99	developmental	ASR1	0.0000	0.0115644			exp4	0.705273		0	no
BDE-99	developmental	ASR2	0.0000	0.11322			gnls	0.525551		0	no
BDE-99	developmental	ASR3	0.0001	7.93707		3256.34	pow	0.571723		0	no
BDE-99	developmental	VSR1	0.0000	0.0377945			exp4	0.239468		0	no
BDE-99	developmental	VSR2	0.0000	0.00311086			exp4	0.145648		0	no
BDE-99	developmental	VSRB	0.0000	0.0239427			gnls	0.312942		0	no
BDE-99	developmental	IBI	0.0000	0.0008			exp4	0.484808		0	no
BDE-99	developmental	IEI1	0.0000	0.00739982			gnls	0.689088		0	no
BDE-99	developmental	IEI2	0.0000	0.00274313			exp4	0.462349		0	no
BDE-99	developmental	IEI3	0.0000	0.0054873			exp4	0.392232		0	no
BDE-99	developmental	ISI1	0.0000	0.0008			exp4	0.524906		0	no
BDE-99	developmental	ISI2	0.0000	0.00301604			exp4	0.486054		0	no
BDE-99	developmental	ISI3	0.0000	0.00553221			exp4	0.301292		0	no
BDE-99	developmental	ASH1	0.0000	0.01474			exp4	0.279382		0	no
BDE-99	developmental	ASR2/3	0.0000	0.000750899			hill	0.314813		0	no
BDE-99	developmental	ASH1/5	0.0000	0.00818275			exp4	0.26803		0	no
BDE-99	developmental	ASHsum	0.0003	0.00163175			gnls	0.583172		0	no
Chlorpyrifos	developmental	BSL1	1.0000	0.562206	0.110558	0.389882	hill	3.60007		0	yes
Chlorpyrifos	developmental	BSL2	1.0000	0.594215	0.0707438	0.339427	exp5	3.7096		0	yes
Chlorpyrifos	developmental	BSL3	1.0000	0.465442	0.101062	0.489863	exp5	2.99813		0	yes
Chlorpyrifos	developmental	BSL4	1.0000	0.174065	0.0426641	0.249706	exp5	2.77214		0	yes
Chlorpyrifos	developmental	VMR1	0.0000	0.00017			exp4	0.407704		0	no
Chlorpyrifos	developmental	VMR2	1.0000	0.514131	0.085864	0.436431	exp5	3.22625		0	yes
Chlorpyrifos	developmental	VMR3	1.0000	0.275625	0.0476712	0.180763	hill	3.55386		0	yes
Chlorpyrifos	developmental	VMR4	1.0000	0.0866302	0.0130628	0.0873087	hill	3.05856		0	yes
Chlorpyrifos	developmental	VMR5	1.0000	0.0010403	0.00118045	0.00252381	exp4	1.83629		0	yes
Chlorpyrifos	developmental	ASR1	0.9993	1.89283	2.70303	14.275	pow	1.78554		0	yes
Chlorpyrifos	developmental	ASR2	0.9999	10.7509	9.28792	13.5332	exp2	2.45779		0	yes
Chlorpyrifos	developmental	ASR3	0.9990	3.18824	3.7717	12.7854	pow	1.86414		0	yes
Chlorpyrifos	developmental	VSR1	0.5016	1.65685	13.3609	72.4032	pow	1.06921		0	no
Chlorpyrifos	developmental	VSR2	0.0011	8.35		34.8064	poly1	0.723902		0	no
Chlorpyrifos	developmental	VSRB	0.2674	3.62301		40.6125	pow	0.998362		0	no
Chlorpyrifos	developmental	IBI	1.0000	0.0486133	0.259738	9383.46	hill	1.52195		0	yes
Chlorpyrifos	developmental	IEI1	0.0005	0.00164638			exp4	0.786867		0	no
Chlorpyrifos	developmental	IEI2	0.7864	0.039883	4.98384		hill	1.08545		0	no
Chlorpyrifos	developmental	IEI3	0.9999	0.0849009	0.724956		hill	1.40312		0	yes
Chlorpyrifos	developmental	ISI1	0.8828	0.0210726	3.50222		hill	1.09328		0	no
Chlorpyrifos	developmental	ISI2	0.7373	0.0353834	6.18696		hill	1.06497		0	no
Chlorpyrifos	developmental	ISI3	0.1788	0.0408418			hill	0.977977		0	no
Chlorpyrifos	developmental	ASH1	0.0000	0.00289286			gnls	0.642871		0	no
Chlorpyrifos	developmental	ASR2/3	0.1234	0.302036			gnls	0.926519		0	no
Chlorpyrifos	developmental	ASH1/5	0.0000	0.012889			exp4	0.602237		0	no
Chlorpyrifos	developmental	ASHsum	0.9999	0.10118	0.603855	931.633	hill	1.47074		0	yes
Haloperidol	developmental	BSL1	0.2615	0.00519138			hill	0.908581		0	no
Haloperidol	developmental	BSL2	0.9745	1.25	0.875419	1.40611	poly1	2.85578		0	yes
Haloperidol	developmental	BSL3	0.9882	0.0221248	0.0301066	0.394258	hill	1.88352		0	yes
Haloperidol	developmental	BSL4	0.9876	0.413297	0.32662	1.00241	exp3	2.17713		0	yes
Haloperidol	developmental	VMR1	0.9615	1.25	1.71904	2.66075	poly1	1.4543		0	yes
Haloperidol	developmental	VMR2	0.9238	1.25	1.40689	2.18237	poly1	1.77697		0	yes
Haloperidol	developmental	VMR3	0.9207	1.25	1.09997	1.70793	poly1	2.27279		0	yes
Haloperidol	developmental	VMR4	0.9614	0.0346131	0.0474091	0.511953	hill	1.87545		0	yes
Haloperidol	developmental	VMR5	0.8045	9.36573e-05	0.000315281		exp4	1.10738		0	no
Haloperidol	developmental	ASR1	0.3036	0.248378		14.1366	pow	0.986915		0	no
Haloperidol	developmental	ASR2	0.3045	0.400654	1.24004	3.68534	poly2	1.00731		0	no
Haloperidol	developmental	ASR3	0.0000	0.248042		136.266	pow	0.51143		0	no
Haloperidol	developmental	VSR1	0.0000	0.000733305			exp4	0.328003		0	no
Haloperidol	developmental	VSR2	0.0000	0.00376144			hill	0.370449		0	no
Haloperidol	developmental	VSRB	0.0000	0.248032		76.5462	pow	0.530098		0	no
Haloperidol	developmental	IBI	0.7014	1.25	1.93382	3.20882	poly1	1.29278		0	no
Haloperidol	developmental	IEI1	0.0000	5.84473e-05			exp4	0.315093		0	no
Haloperidol	developmental	IEI2	0.0000	2.50007e-05			hill	0.350332		0	no
Haloperidol	developmental	IEI3	0.6154	1.25	2.16705	3.92365	poly1	1.15364		0	no
Haloperidol	developmental	ISI1	0.0000	2.5e-05			exp4	0.459827		0	no
Haloperidol	developmental	ISI2	0.0000	2.50011e-05			hill	0.290303		0	no
Haloperidol	developmental	ISI3	0.0311	1.25		5.35535	poly1	0.803719		0	no
Haloperidol	developmental	ASH1	0.9170	1.25	1.77701	3.17183	poly1	1.40686		0	yes
Haloperidol	developmental	ASR2/3	0.0093	0.248031		41.0597	pow	0.762059		0	no
Haloperidol	developmental	ASH1/5	0.3306	1.25	2.47943	4.58809	poly1	1.0083		0	no
Haloperidol	developmental	ASHsum	0.0065	0.0143766			hill	0.661282		0	no
Hexachlorophene	developmental	BSL1	0.9297	0.000262028	0.000675039		gnls	1.10949		0	yes
Hexachlorophene	developmental	BSL2	0.9657	0.000357662	0.000603753		gnls	1.22652		0	yes
Hexachlorophene	developmental	BSL3	0.8631	0.000221397	0.000260576		gnls	1.25499		0	no
Hexachlorophene	developmental	BSL4	0.8628	0.000133602	0.000337607		gnls	1.11622		0	no
Hexachlorophene	developmental	VMR1	0.0000	1.17248e-05			exp4	0.50386		0	no
Hexachlorophene	developmental	VMR2	0.0000	5.88265e-05			hill	0.438169		0	no
Hexachlorophene	developmental	VMR3	0.0053	0.000113014			gnls	0.848652		0	no
Hexachlorophene	developmental	VMR4	0.0000	1.4244e-05			exp4	0.636366		0	no
Hexachlorophene	developmental	VMR5	0.3605	4.61816e-05			gnls	0.968818		0	no
Hexachlorophene	developmental	ASR1	0.0000	6.16914e-06			hill	0.37406		0	no
Hexachlorophene	developmental	ASR2	0.0000	0.000364597			hill	0.433421		0	no
Hexachlorophene	developmental	ASR3	0.0000	0.000109681			hill	0.281842		0	no
Hexachlorophene	developmental	VSR1	0.0000	1.11835e-05			exp4	0.199321		0	no
Hexachlorophene	developmental	VSR2	0.0000	0.0031179			exp4	0.199805		0	no
Hexachlorophene	developmental	VSRB	0.0000	0.000174459			exp4	0.253285		0	no
Hexachlorophene	developmental	IBI	0.0070	8.13459e-05			exp4	0.522288		0	no
Hexachlorophene	developmental	IEI1	0.0000	7.36112e-06			gnls	0.535619		0	no
Hexachlorophene	developmental	IEI2	0.0000	7.1865e-05			gnls	0.581472		0	no
Hexachlorophene	developmental	IEI3	0.0000	0.000119334			exp4	0.245477		0	no
Hexachlorophene	developmental	ISI1	0.0000	1.55292e-05			gnls	0.553055		0	no
Hexachlorophene	developmental	ISI2	0.0000	9.02701e-06			gnls	0.548654		0	no
Hexachlorophene	developmental	ISI3	0.0000	0.000162972			exp4	0.307822		0	no
Hexachlorophene	developmental	ASH1	0.0000	6.20565e-05			exp4	0.323975		0	no
Hexachlorophene	developmental	ASR2/3	0.0000	6.99773e-05			hill	0.191792		0	no
Hexachlorophene	developmental	ASH1/5	0.0000	0.0321656			exp4	0.498329		0	no
Hexachlorophene	developmental	ASHsum	0.8652	0.000214182	0.000289066		gnls	1.11365		0	no
Ketamine hydrochloride	developmental	BSL1	0.3137	0.379735			hill	0.955092		0	no
Ketamine hydrochloride	developmental	BSL2	0.8437	40	54.7741	82.3543	poly1	1.46054		0	no
Ketamine hydrochloride	developmental	BSL3	0.9069	40	50.919	84.4885	poly1	1.57112		0	yes
Ketamine hydrochloride	developmental	BSL4	0.7376	40	54.7039	98.5639	poly1	1.46242		0	no
Ketamine hydrochloride	developmental	VMR1	0.7534	0.100994	21.4058		hill	1.07572		0	no
Ketamine hydrochloride	developmental	VMR2	0.9469	40	36.0664	55.6149	poly1	2.21813		0	yes
Ketamine hydrochloride	developmental	VMR3	0.8428	40	45.3842	70.7499	poly1	1.76273		0	no
Ketamine hydrochloride	developmental	VMR4	0.7525	40	55.7729	93.6402	poly1	1.43439		0	no
Ketamine hydrochloride	developmental	VMR5	0.0000	0.000801887			gnls	0.573985		0	no
Ketamine hydrochloride	developmental	ASR1	0.0000	0.00713371			exp4	0.255079		0	no
Ketamine hydrochloride	developmental	ASR2	0.0000	0.000492115			gnls	0.432899		0	no
Ketamine hydrochloride	developmental	ASR3	0.0000	0.00118261			exp5	0.233209		0	no
Ketamine hydrochloride	developmental	VSR1	0.0000	0.879997			exp4	0.449198		0	no
Ketamine hydrochloride	developmental	VSR2	0.0003	11.5748		452.216	pow	0.810809		0	no
Ketamine hydrochloride	developmental	VSRB	0.5876	40	72.0837	112.863	poly1	1.10982		0	no
Ketamine hydrochloride	developmental	IBI	0.0000	0.0149469			gnls	0.67946		0	no
Ketamine hydrochloride	developmental	IEI1	0.0000	0.00848454			gnls	0.430605		0	no
Ketamine hydrochloride	developmental	IEI2	0.4241	40	74.5255	144.873	poly1	1.07346		0	no
Ketamine hydrochloride	developmental	IEI3	0.0000	0.0212335			gnls	0.451448		0	no
Ketamine hydrochloride	developmental	ISI1	0.0000	0.00836888			hill	0.348712		0	no
Ketamine hydrochloride	developmental	ISI2	0.2358	40		166.576	poly1	0.950048		0	no
Ketamine hydrochloride	developmental	ISI3	0.0000	0.00562187			exp4	0.421261		0	no
Ketamine hydrochloride	developmental	ASH1	0.0000	0.041984			gnls	0.704089		0	no
Ketamine hydrochloride	developmental	ASR2/3	0.0001	7.93701		2549.19	pow	0.6787		0	no
Ketamine hydrochloride	developmental	ASH1/5	0.0000	40		236.622	poly1	0.628118		0	no
Ketamine hydrochloride	developmental	ASHsum	0.0007	0.00275144			exp4	0.652016		0	no
Maneb	developmental	BSL1	0.0000	5.86439e-05			exp4	0.485701		0	no
Maneb	developmental	BSL2	0.1348	0.00688139			hill	0.816083		0	no
Maneb	developmental	BSL3	0.0175	8.13419e-05			exp4	0.644581		0	no
Maneb	developmental	BSL4	0.0000	0.000159712			exp4	0.333179		0	no
Maneb	developmental	VMR1	0.0000	9e-06			exp4	0.402322		0	no
Maneb	developmental	VMR2	0.1299	7.37016e-05			exp4	0.805794		0	no
Maneb	developmental	VMR3	0.2975	0.000111577			gnls	0.967724		0	no
Maneb	developmental	VMR4	0.4207	9.29046e-05			exp5	0.991878		0	no
Maneb	developmental	VMR5	0.0671	0.000112127			exp5	0.873937		0	no
Maneb	developmental	ASR1	0.0000	0.142103		1.45082	poly2	0.566813		0	no
Maneb	developmental	ASR2	0.0000	0.000646869			gnls	0.420549		0	no
Maneb	developmental	ASR3	0.0000	0.000287508			exp4	0.240674		0	no
Maneb	developmental	VSR1	0.0000	4.11317e-05			exp4	0.13988		0	no
Maneb	developmental	VSR2	0.0000	0.45		3.5891	poly1	0.359131		0	no
Maneb	developmental	VSRB	0.0000	9.00285e-06			exp5	0.11936		0	no
Maneb	developmental	IBI	0.0000	0.000109625			exp4	0.527556		0	no
Maneb	developmental	IEI1	0.0000	4.85724e-05			exp4	0.402909		0	no
Maneb	developmental	IEI2	0.0000	9.00077e-06			hill	0.37065		0	no
Maneb	developmental	IEI3	0.0000	9.43621e-05			exp5	0.500526		0	no
Maneb	developmental	ISI1	0.0000	5.53934e-05			exp4	0.41355		0	no
Maneb	developmental	ISI2	0.0000	6.15346e-05			hill	0.419752		0	no
Maneb	developmental	ISI3	0.0000	9.4668e-05			exp4	0.363878		0	no
Maneb	developmental	ASH1	0.0000	3.43688e-05			exp4	0.208488		0	no
Maneb	developmental	ASR2/3	0.0000	1.61967e-05			hill	0.417516		0	no
Maneb	developmental	ASH1/5	0.0000	9.63844e-05			hill	0.292082		0	no
Maneb	developmental	ASHsum	0.0000	9.01407e-06			hill	0.272961		0	no
PFOA	developmental	BSL1	0.0000	0.0194517			exp4	0.270781		0	no
PFOA	developmental	BSL2	0.0000	0.0263423			exp4	0.322096		0	no
PFOA	developmental	BSL3	0.0000	0.0227023			exp4	0.555958		0	no
PFOA	developmental	BSL4	0.0000	0.018968			exp4	0.491811		0	no
PFOA	developmental	VMR1	0.0048	40		162.152	poly1	0.685955		0	no
PFOA	developmental	VMR2	0.0000	0.00708807			gnls	0.349975		0	no
PFOA	developmental	VMR3	0.0000	0.0363471			gnls	0.519564		0	no
PFOA	developmental	VMR4	0.0006	0.00811901			exp4	0.763979		0	no
PFOA	developmental	VMR5	0.9252	0.0106268	0.0399137		exp4	1.07994		0	yes
PFOA	developmental	ASR1	0.0000	0.520778			exp4	0.391303		0	no
PFOA	developmental	ASR2	0.0000	0.0221135			exp4	0.187366		0	no
PFOA	developmental	ASR3	0.0000	0.0195174			exp4	0.483169		0	no
PFOA	developmental	VSR1	0.0000	7.93787		1820.04	pow	0.638374		0	no
PFOA	developmental	VSR2	0.0000	40		617.577	poly1	0.190865		0	no
PFOA	developmental	VSRB	0.0000	0.00287632			exp5	0.144434		0	no
PFOA	developmental	IBI	0.0000	0.00264803			exp4	0.514011		0	no
PFOA	developmental	IEI1	0.0000	0.0744817			gnls	0.443635		0	no
PFOA	developmental	IEI2	0.0000	0.00235183			gnls	0.418207		0	no
PFOA	developmental	IEI3	0.0000	0.0008			exp4	0.348366		0	no
PFOA	developmental	ISI1	0.0000	0.0126043			gnls	0.49776		0	no
PFOA	developmental	ISI2	0.0000	0.0039366			gnls	0.466366		0	no
PFOA	developmental	ISI3	0.0000	0.00803646			gnls	0.620201		0	no
PFOA	developmental	ASH1	0.0000	0.0107585			exp5	0.23664		0	no
PFOA	developmental	ASR2/3	0.0000	0.00301078			exp4	0.470422		0	no
PFOA	developmental	ASH1/5	0.0000	0.0008			exp4	0.405957		0	no
PFOA	developmental	ASHsum	0.0000	0.012679			gnls	0.369753		0	no
Tebuconazole	developmental	BSL1	0.8596	8.35	11.3955	15.6285	poly1	1.46549		0	no
Tebuconazole	developmental	BSL2	0.9951	8.35	7.2008	9.7945	poly1	2.31919		0	yes
Tebuconazole	developmental	BSL3	0.9968	2.75387	3.26064	7.14406	exp3	1.88067		0	yes
Tebuconazole	developmental	BSL4	0.9961	0.200508	1.66835	16.3163	hill	1.3597		0	yes
Tebuconazole	developmental	VMR1	0.4563	2.71152	15.0746	34.5091	exp3	1.04243		0	no
Tebuconazole	developmental	VMR2	0.0017	0.0103396			exp4	0.598337		0	no
Tebuconazole	developmental	VMR3	0.8856	0.256893	1.87805	14.1382	hill	1.3707		0	no
Tebuconazole	developmental	VMR4	0.0144	0.0184579			exp4	0.83395		0	no
Tebuconazole	developmental	VMR5	0.1088	0.00053			exp5	0.833463		0	no
Tebuconazole	developmental	ASR1	0.0000	0.563319			exp5	0.488425		0	no
Tebuconazole	developmental	ASR2	0.0000	0.0461447			exp4	0.44667		0	no
Tebuconazole	developmental	ASR3	0.0000	0.0136564			exp4	0.627345		0	no
Tebuconazole	developmental	VSR1	0.0603	1.71109		132.906	pow	0.874109		0	no
Tebuconazole	developmental	VSR2	0.0087	8.35		33.5065	poly1	0.73416		0	no
Tebuconazole	developmental	VSRB	0.5403	8.35	15.1245	25.5745	poly1	1.10417		0	no
Tebuconazole	developmental	IBI	0.0054	0.0926959			hill	0.825377		0	no
Tebuconazole	developmental	IEI1	0.0000	0.431153			exp5	0.715843		0	no
Tebuconazole	developmental	IEI2	0.0000	0.132275			hill	0.565057		0	no
Tebuconazole	developmental	IEI3	0.0073	0.494946			exp5	0.807709		0	no
Tebuconazole	developmental	ISI1	0.0000	0.00595028			exp4	0.445122		0	no
Tebuconazole	developmental	ISI2	0.0000	0.0846501			hill	0.616665		0	no
Tebuconazole	developmental	ISI3	0.0000	0.0896763			hill	0.662087		0	no
Tebuconazole	developmental	ASH1	0.0000	0.063933			exp5	0.712694		0	no
Tebuconazole	developmental	ASR2/3	0.2069	2.85007	7.21665	25.8225	poly2	1.07104		0	no
Tebuconazole	developmental	ASH1/5	0.0350	1.65685		251.643	pow	0.785413		0	no
Tebuconazole	developmental	ASHsum	0.9776	0.186637	2.43041		hill	1.24713		0	yes
Trichlorfon	developmental	BSL1	1.0000	0.00498534	0.000284916	0.00135876	hill	3.49072		0	yes
Trichlorfon	developmental	BSL2	1.0000	0.0113085	0.000859305	0.00372484	hill	3.31403		0	yes
Trichlorfon	developmental	BSL3	1.0000	0.0148928	0.00153795	0.00632832	hill	3.11156		0	yes
Trichlorfon	developmental	BSL4	1.0000	0.00740353	0.00250444	0.00879745	exp5	2.53888		0	yes
Trichlorfon	developmental	VMR1	0.9978	0.473101	2.81959	16.8127	exp5	1.33518		0	yes
Trichlorfon	developmental	VMR2	1.0000	0.00318746	0.000354062	0.0016546	hill	3.01092		0	yes
Trichlorfon	developmental	VMR3	1.0000	0.00227074	0.000335279	0.00164744	hill	2.83285		0	yes
Trichlorfon	developmental	VMR4	1.0000	0.00858614	0.00145426	0.00637215	hill	2.78456		0	yes
Trichlorfon	developmental	VMR5	1.0000	0.00793165	0.00298918	0.0148758	hill	2.37828		0	yes
Trichlorfon	developmental	ASR1	1.0000	0.0206065	0.295853		hill	1.36426		0	yes
Trichlorfon	developmental	ASR2	0.0875	0.0524312			exp4	0.881095		0	no
Trichlorfon	developmental	ASR3	0.9736	0.0309268	0.0875425		exp4	1.16356		0	yes
Trichlorfon	developmental	VSR1	0.0000	0.0055599			exp4	0.696727		0	no
Trichlorfon	developmental	VSR2	0.0000	0.050638			exp4	0.468941		0	no
Trichlorfon	developmental	VSRB	0.5972	0.054688	10.846		hill	1.0299		0	no
Trichlorfon	developmental	IBI	1.0000	0.0176095	0.062755	191.498	hill	1.63642		0	yes
Trichlorfon	developmental	IEI1	0.0002	0.000500001			exp4	0.695586		0	no
Trichlorfon	developmental	IEI2	0.0002	0.0210846			exp4	0.702765		0	no
Trichlorfon	developmental	IEI3	0.9974	0.0157555	0.90504		hill	1.19714		0	yes
Trichlorfon	developmental	ISI1	0.5373	0.0243847	10.264		hill	1.02553		0	no
Trichlorfon	developmental	ISI2	0.0018	0.0233155			exp4	0.751825		0	no
Trichlorfon	developmental	ISI3	0.2815	0.0537475			exp4	0.96615		0	no
Trichlorfon	developmental	ASH1	0.0004	0.00753155			exp4	0.836369		0	no
Trichlorfon	developmental	ASR2/3	0.0001	0.00634462			exp4	0.56734		0	no
Trichlorfon	developmental	ASH1/5	0.9930	1.64693	2.46513	22.3109	pow	1.77207		0	yes
Trichlorfon	developmental	ASHsum	1.0000	0.0210029	0.0520212	15.522	hill	1.72457		0	yes
Triethyltin bromide	developmental	BSL1	0.4204	0.135	0.255205	0.37162	poly1	1.05797		0	no
Triethyltin bromide	developmental	BSL2	0.8753	0.135	0.207117	0.301188	poly1	1.30361		0	no
Triethyltin bromide	developmental	BSL3	0.9822	0.135	0.150108	0.218044	poly1	1.7987		0	yes
Triethyltin bromide	developmental	BSL4	0.9932	0.135	0.137967	0.202538	poly1	1.95699		0	yes
Triethyltin bromide	developmental	VMR1	0.9491	0.0249406	0.11099	1.06594	exp5	1.23785		0	yes
Triethyltin bromide	developmental	VMR2	0.9734	0.135	0.145643	0.211267	poly1	1.85385		0	yes
Triethyltin bromide	developmental	VMR3	0.5631	0.135	0.238744	0.34619	poly1	1.13092		0	no
Triethyltin bromide	developmental	VMR4	0.9898	0.135	0.137382	0.199778	poly1	1.96533		0	yes
Triethyltin bromide	developmental	VMR5	0.8378	0.0267963	0.135218	0.489375	pow	1.23059		0	no
Triethyltin bromide	developmental	ASR1	0.9810	0.0057801	0.040377		exp5	1.33554		0	yes
Triethyltin bromide	developmental	ASR2	1.0000	0.0308233	0.0270602	0.158564	pow	2.08493		0	yes
Triethyltin bromide	developmental	ASR3	0.9963	0.0345012	0.0472418	0.275802	pow	1.79906		0	yes
Triethyltin bromide	developmental	VSR1	0.0166	0.00883894			exp5	0.766964		0	no
Triethyltin bromide	developmental	VSR2	0.0000	0.026788		2.85365	pow	0.727996		0	no
Triethyltin bromide	developmental	VSRB	0.4687	0.0493965	0.247908	0.601597	exp3	1.03803		0	no
Triethyltin bromide	developmental	IBI	0.9766	0.0447172	0.0877969	0.342922	exp3	1.55756		0	yes
Triethyltin bromide	developmental	IEI1	0.0000	0.00115653			exp4	0.19463		0	no
Triethyltin bromide	developmental	IEI2	0.0000	5.13845e-06			exp4	0.19575		0	no
Triethyltin bromide	developmental	IEI3	0.0134	0.135		0.746301	poly1	0.661712		0	no
Triethyltin bromide	developmental	ISI1	0.0000	2.90667e-05			exp4	0.181881		0	no
Triethyltin bromide	developmental	ISI2	0.0000	2.63775e-05			exp4	0.207515		0	no
Triethyltin bromide	developmental	ISI3	0.0000	2.7e-06			exp4	0.212625		0	no
Triethyltin bromide	developmental	ASH1	0.1656	2.20082e-06			hill	0.834238		0	no
Triethyltin bromide	developmental	ASR2/3	0.1013	0.231714		0.315497	pow	0.945651		0	no
Triethyltin bromide	developmental	ASH1/5	0.9631	0.135	0.184109	0.344916	poly1	1.46652		0	yes
Triethyltin bromide	developmental	ASHsum	0.9865	0.00237573	0.00962548	0.550184	hill	1.54795		0	yes
Nicotine	developmental	BSL1	0.0001	0.000581333			exp4	0.427573		0	no
Nicotine	developmental	BSL2	0.0000	1.32023e-05			exp5	0.397859		0	no
Nicotine	developmental	BSL3	0.0001	4.18037e-05			exp4	0.587861		0	no
Nicotine	developmental	BSL4	0.6552	0.689421	2.74514		exp4	1.06757		0	no
Nicotine	developmental	VMR1	0.0003	2.5e-06			exp4	0.54452		0	no
Nicotine	developmental	VMR2	0.3427	12.55		46.0418	poly1	0.937521		0	no
Nicotine	developmental	VMR3	0.0000	2.5e-06			exp4	0.309624		0	no
Nicotine	developmental	VMR4	0.0000	2.5e-06			exp5	0.322238		0	no
Nicotine	developmental	VMR5	0.0000	4.66571e-05			exp4	0.568775		0	no
Nicotine	developmental	ASR1	0.0000	0.0534748			exp4	0.437096		0	no
Nicotine	developmental	ASR2	0.0000	5.87282e-05			exp4	0.252377		0	no
Nicotine	developmental	ASR3	0.0985	12.55		56.7989	poly1	0.750367		0	no
Nicotine	developmental	VSR1	0.0000	0.00375891			exp4	0.361829		0	no
Nicotine	developmental	VSR2	0.0001	12.55		75.8703	poly1	0.518008		0	no
Nicotine	developmental	VSRB	0.0000	0.325573			exp4	0.231093		0	no
Nicotine	developmental	IBI	0.0121	6.11663			exp4	0.632558		0	no
Nicotine	developmental	IEI1	0.0000	0.000241518			exp4	0.235605		0	no
Nicotine	developmental	IEI2	0.0000	0.222871			hill	0.439283		0	no
Nicotine	developmental	IEI3	0.0051	4.57842		42.7421	poly2	0.90179		0	no
Nicotine	developmental	ISI1	0.0000	0.0082486			exp4	0.216841		0	no
Nicotine	developmental	ISI2	0.0000	1.37785			exp4	0.272936		0	no
Nicotine	developmental	ISI3	0.0237	12.55		75.9704	poly1	0.614828		0	no
Nicotine	developmental	ASH1	0.0000	2.98025e-05			exp4	0.282718		0	no
Nicotine	developmental	ASR2/3	0.0272	2.49024		546.855	pow	0.743832		0	no
Nicotine	developmental	ASH1/5	0.0107	12.55		57.8605	poly1	0.798773		0	no
Nicotine	developmental	ASHsum	0.2657	5.28075			exp4	0.93179		0	no
Acetaminophen	developmental	BSL1	0.0001	0.0136515			gnls	0.840459		0	no
Acetaminophen	developmental	BSL2	0.0007	0.0150155			gnls	0.843806		0	no
Acetaminophen	developmental	BSL3	0.0045	0.00880921			gnls	0.828713		0	no
Acetaminophen	developmental	BSL4	0.7432	40	60.6527	100.477	poly1	1.31898		0	no
Acetaminophen	developmental	VMR1	0.0000	0.00762324			exp4	0.293811		0	no
Acetaminophen	developmental	VMR2	0.0000	0.0106815			hill	0.584604		0	no
Acetaminophen	developmental	VMR3	0.8447	0.00977891	0.0130819		gnls	1.09749		0	no
Acetaminophen	developmental	VMR4	0.5337	0.0120651	0.0191233		gnls	1.00632		0	no
Acetaminophen	developmental	VMR5	0.0742	0.00628168			exp4	0.780704		0	no
Acetaminophen	developmental	ASR1	0.0000	0.0367811			gnls	0.442635		0	no
Acetaminophen	developmental	ASR2	0.0000	40		567.333	poly1	0.248993		0	no
Acetaminophen	developmental	ASR3	0.0000	0.0112221			exp4	0.275207		0	no
Acetaminophen	developmental	VSR1	0.0000	0.000800001			exp4	0.236105		0	no
Acetaminophen	developmental	VSR2	0.0000	0.00432392			exp4	0.18596		0	no
Acetaminophen	developmental	VSRB	0.0000	0.00834832			exp4	0.175529		0	no
Acetaminophen	developmental	IBI	0.0000	0.000604266			gnls	0.671348		0	no
Acetaminophen	developmental	IEI1	0.0000	0.000712466			hill	0.328		0	no
Acetaminophen	developmental	IEI2	0.0000	0.0008			exp5	0.248917		0	no
Acetaminophen	developmental	IEI3	0.0000	0.00371493			gnls	0.474552		0	no
Acetaminophen	developmental	ISI1	0.0000	0.00300453			exp4	0.224359		0	no
Acetaminophen	developmental	ISI2	0.0017	40		230.741	poly1	0.566049		0	no
Acetaminophen	developmental	ISI3	0.0000	0.0340598			gnls	0.556168		0	no
Acetaminophen	developmental	ASH1	0.0000	0.00685707			exp4	0.24366		0	no
Acetaminophen	developmental	ASR2/3	0.0000	0.00303777			exp4	0.475198		0	no
Acetaminophen	developmental	ASH1/5	0.0000	0.0008			exp4	0.178751		0	no
Acetaminophen	developmental	ASHsum	0.0000	0.0401948			exp4	0.376972		0	no
Ibuprofen	developmental	BSL1	0.0009	2.73732		102.27	exp3	0.75364		0	no
Ibuprofen	developmental	BSL2	0.1668	8.35		33.7449	poly1	0.843831		0	no
Ibuprofen	developmental	BSL3	0.2547	0.0701534			hill	0.922885		0	no
Ibuprofen	developmental	BSL4	0.0128	0.00353914			exp4	0.80765		0	no
Ibuprofen	developmental	VMR1	0.0000	0.0068955			exp4	0.664903		0	no
Ibuprofen	developmental	VMR2	0.9689	0.154102	0.562428	41.2892	hill	1.57359		0	yes
Ibuprofen	developmental	VMR3	0.7624	8.35	11.4068	19.5706	poly1	1.46405		0	no
Ibuprofen	developmental	VMR4	0.8254	0.0592339	1.24169		hill	1.26636		0	no
Ibuprofen	developmental	VMR5	0.0262	0.000673756			exp4	0.863813		0	no
Ibuprofen	developmental	ASR1	0.0000	0.000972477			exp5	0.366887		0	no
Ibuprofen	developmental	ASR2	0.1684	8.35		32.2411	poly1	0.915784		0	no
Ibuprofen	developmental	ASR3	0.9948	5.66488	7.23749	17.8661	pow	1.70929		0	yes
Ibuprofen	developmental	VSR1	0.0000	0.00017			exp4	0.174857		0	no
Ibuprofen	developmental	VSR2	0.0001	1.65686		314.5	pow	0.604417		0	no
Ibuprofen	developmental	VSRB	0.0011	2.02006		179.992	pow	0.690105		0	no
Ibuprofen	developmental	IBI	0.6834	8.35	13.2602	24.245	poly1	1.2594		0	no
Ibuprofen	developmental	IEI1	0.0000	0.000591075			exp4	0.300726		0	no
Ibuprofen	developmental	IEI2	0.0000	0.000170018			hill	0.4172		0	no
Ibuprofen	developmental	IEI3	0.6483	8.35	14.5055	24.3891	poly1	1.15129		0	no
Ibuprofen	developmental	ISI1	0.0000	0.000467852			exp4	0.376992		0	no
Ibuprofen	developmental	ISI2	0.0000	0.00089223			exp4	0.36842		0	no
Ibuprofen	developmental	ISI3	0.2894	8.35		30.7434	poly1	0.998821		0	no
Ibuprofen	developmental	ASH1	0.0000	0.0157877			exp4	0.197596		0	no
Ibuprofen	developmental	ASR2/3	0.9998	4.52952	5.08621	18.5621	pow	1.88056		0	yes
Ibuprofen	developmental	ASH1/5	0.0261	2.44104		149.481	pow	0.848861		0	no
Ibuprofen	developmental	ASHsum	0.0000	0.124454			exp4	0.445025		0	no
Saccharin	developmental	BSL1	0.9874	0.00856689	0.0537083		gnls	1.28445		0	yes
Saccharin	developmental	BSL2	0.9996	0.00517478	0.0212621		gnls	1.24357		0	yes
Saccharin	developmental	BSL3	0.9938	0.00126309	0.0199539		gnls	1.26092		0	yes
Saccharin	developmental	BSL4	0.3380	0.0008			exp4	0.936325		0	no
Saccharin	developmental	VMR1	0.0025	0.00324093			exp4	0.729355		0	no
Saccharin	developmental	VMR2	1.0000	0.00514395	0.0110329		gnls	1.48147		0	yes
Saccharin	developmental	VMR3	0.9997	0.00606428	0.0123495		gnls	1.41865		0	yes
Saccharin	developmental	VMR4	0.0908	0.0008			exp4	0.790222		0	no
Saccharin	developmental	VMR5	0.3013	0.0008			exp4	0.948108		0	no
Saccharin	developmental	ASR1	0.0000	0.00625448			exp5	0.464692		0	no
Saccharin	developmental	ASR2	0.0000	0.0008			exp4	0.38091		0	no
Saccharin	developmental	ASR3	0.0012	0.0118081			gnls	0.732068		0	no
Saccharin	developmental	VSR1	0.0003	0.00374474			gnls	0.743952		0	no
Saccharin	developmental	VSR2	0.0000	0.00680678			hill	0.369507		0	no
Saccharin	developmental	VSRB	0.0000	0.0008			exp4	0.216569		0	no
Saccharin	developmental	IBI	0.0000	0.00675969			gnls	0.891773		0	no
Saccharin	developmental	IEI1	0.0000	0.00306844			gnls	0.561863		0	no
Saccharin	developmental	IEI2	0.0000	0.00411576			gnls	0.550847		0	no
Saccharin	developmental	IEI3	0.0000	0.0107151			gnls	0.848689		0	no
Saccharin	developmental	ISI1	0.0000	0.0008			exp4	0.467082		0	no
Saccharin	developmental	ISI2	0.0000	0.00256034			gnls	0.693402		0	no
Saccharin	developmental	ISI3	0.0000	0.0101878			gnls	0.753892		0	no
Saccharin	developmental	ASH1	0.0000	0.0008			exp4	0.430886		0	no
Saccharin	developmental	ASR2/3	0.0000	0.0008			exp4	0.236266		0	no
Saccharin	developmental	ASH1/5	0.0000	0.0116171			gnls	0.796784		0	no
Saccharin	developmental	ASHsum	0.9999	0.00469707	0.0271984		gnls	1.24222		0	yes
Sodium benzoate	developmental	BSL1	0.5028	13.3855	72.7613	258.978	exp3	1.04004		0	no
Sodium benzoate	developmental	BSL2	0.0006	15.3738		144.272	poly2	0.854174		0	no
Sodium benzoate	developmental	BSL3	0.0003	0.0526589			exp4	0.548498		0	no
Sodium benzoate	developmental	BSL4	0.0048	0.00342839			exp4	0.664381		0	no
Sodium benzoate	developmental	VMR1	0.2870	40		144.395	poly1	0.970382		0	no
Sodium benzoate	developmental	VMR2	0.0000	0.118327			exp4	0.375937		0	no
Sodium benzoate	developmental	VMR3	0.0000	0.0668185			exp4	0.440271		0	no
Sodium benzoate	developmental	VMR4	0.0000	0.007013			exp4	0.413688		0	no
Sodium benzoate	developmental	VMR5	0.9716	0.0987724	0.223254		gnls	1.16387		0	yes
Sodium benzoate	developmental	ASR1	0.0000	0.0729533			gnls	0.565569		0	no
Sodium benzoate	developmental	ASR2	0.0000	0.0667393			exp4	0.160574		0	no
Sodium benzoate	developmental	ASR3	0.0000	0.0008			exp5	0.177713		0	no
Sodium benzoate	developmental	VSR1	0.0000	0.00881394			exp5	0.196795		0	no
Sodium benzoate	developmental	VSR2	0.0000	7.93731		11920.5	pow	0.335926		0	no
Sodium benzoate	developmental	VSRB	0.0000	0.0008			exp4	0.126098		0	no
Sodium benzoate	developmental	IBI	0.0000	0.0008			exp4	0.304613		0	no
Sodium benzoate	developmental	IEI1	0.0000	0.0102631			exp4	0.211053		0	no
Sodium benzoate	developmental	IEI2	0.0000	0.0008			exp5	0.170464		0	no
Sodium benzoate	developmental	IEI3	0.0000	0.0008			exp4	0.166841		0	no
Sodium benzoate	developmental	ISI1	0.0000	0.0034366			exp4	0.172533		0	no
Sodium benzoate	developmental	ISI2	0.0000	0.0008			exp4	0.181973		0	no
Sodium benzoate	developmental	ISI3	0.0000	2.7463			exp4	0.303398		0	no
Sodium benzoate	developmental	ASH1	0.0000	0.215878			hill	0.402038		0	no
Sodium benzoate	developmental	ASR2/3	0.0000	0.0008			exp4	0.242745		0	no
Sodium benzoate	developmental	ASH1/5	0.0000	0.00822993			exp4	0.305426		0	no
Sodium benzoate	developmental	ASHsum	0.0000	0.0453379			exp4	0.276526		0	no
D-Mannitol	developmental	BSL1	0.0000	0.0072886			gnls	0.515554		0	no
D-Mannitol	developmental	BSL2	0.0000	0.00198778			gnls	0.767978		0	no
D-Mannitol	developmental	BSL3	0.0006	0.00251524			gnls	0.78573		0	no
D-Mannitol	developmental	BSL4	0.9850	0.000515152	0.0260724		gnls	1.23374		0	yes
D-Mannitol	developmental	VMR1	0.4680	40	72.637	123.002	poly1	1.10137		0	no
D-Mannitol	developmental	VMR2	0.0000	0.019626			exp4	0.45004		0	no
D-Mannitol	developmental	VMR3	0.0001	0.000403454			gnls	0.750168		0	no
D-Mannitol	developmental	VMR4	0.0020	0.0008			exp4	0.615849		0	no
D-Mannitol	developmental	VMR5	0.7601	40	43.2702	72.3718	poly1	1.84885		0	no
D-Mannitol	developmental	ASR1	0.0000	0.0349174			gnls	0.482432		0	no
D-Mannitol	developmental	ASR2	0.0000	7.93709		6754.56	pow	0.457467		0	no
D-Mannitol	developmental	ASR3	0.0000	7.93703		14863.5	pow	0.356896		0	no
D-Mannitol	developmental	VSR1	0.0000	0.0256959			hill	0.306962		0	no
D-Mannitol	developmental	VSR2	0.0000	0.0008			exp5	0.138317		0	no
D-Mannitol	developmental	VSRB	0.0000	0.0057919			gnls	0.369442		0	no
D-Mannitol	developmental	IBI	0.0000	0.0158473			hill	0.285257		0	no
D-Mannitol	developmental	IEI1	0.0000	0.000392993			gnls	0.568814		0	no
D-Mannitol	developmental	IEI2	0.0000	0.00852063			gnls	0.466636		0	no
D-Mannitol	developmental	IEI3	0.0000	0.00161796			exp4	0.183726		0	no
D-Mannitol	developmental	ISI1	0.0000	0.0008			exp4	0.436218		0	no
D-Mannitol	developmental	ISI2	0.0000	0.0008			exp4	0.347109		0	no
D-Mannitol	developmental	ISI3	0.0000	40		414.823	poly1	0.316693		0	no
D-Mannitol	developmental	ASH1	0.0010	40		170.096	poly1	0.759497		0	no
D-Mannitol	developmental	ASR2/3	0.0000	0.0008			exp4	0.161907		0	no
D-Mannitol	developmental	ASH1/5	0.0000	0.00480409			exp4	0.267193		0	no
D-Mannitol	developmental	ASHsum	0.0000	0.0116339			exp4	0.191849		0	no
